"Timestamp","Meal Type","Gender","Which days do you go to the Cafeteria the most? ","Preferred sessions ","Favorite meal"
"2020/10/01 1:34:13 PM GMT+1","Breakfast, Lunch, Dinner.","Female","Sunday;Monday;Thursday;Saturday","Evening","Fried potatoes with egg sauce, stew;Fried rice;Jellof rice;Porridge yam, plain yam and stew;Semovita, poundo, eba with okra, egusi"
"2020/10/01 1:37:34 PM GMT+1","Lunch, Dinner","Female","Monday;Thursday;Saturday","Evening","Fried yam with egg sauce, stew;Fried rice;Plain rice with stew, gbadun;Akara with pap, oat, custard"
"2020/10/01 1:47:00 PM GMT+1","Lunch, Dinner","Male","Saturday","Evening","Fried rice"
"2020/10/01 1:47:53 PM GMT+1","Lunch, Dinner","Female","Monday;Friday","Evening","Plain rice with stew, gbadun;Porridge beans, plain beans and stew with plantain"
"2020/10/01 1:48:58 PM GMT+1","Breakfast, Lunch, Dinner.","Male","Sunday;Monday;Tuesday;Wednesday;Thursday;Friday;Saturday","Evening","Fried potatoes with egg sauce, stew;Jellof rice;Porridge yam, plain yam and stew;Semovita, poundo, eba with okra, egusi"
"2020/10/01 1:49:43 PM GMT+1","Lunch, Dinner","Male","Thursday","Evening","Fried rice"
"2020/10/01 1:51:42 PM GMT+1","Lunch, Dinner","Male","Tuesday;Wednesday;Thursday;Friday;Saturday","Evening","Fried rice;Jellof rice;Porridge beans, plain beans and stew with plantain;Semovita, poundo, eba with okra, egusi;Plain spaghetti and stew with boiled egg;Moi moi with pap, oat, custard"
"2020/10/01 1:52:36 PM GMT+1","Lunch, Dinner","Female","Monday;Friday","Evening","Jellof rice;Plain rice with stew, gbadun;Porridge beans, plain beans and stew with plantain"
"2020/10/01 1:53:54 PM GMT+1","Lunch, Dinner","Male","Sunday;Monday;Tuesday;Wednesday;Thursday;Friday;Saturday","Evening","Fried rice;Jellof rice;Plain rice with stew, gbadun;Jellof spaghetti with boiled egg"
"2020/10/01 1:54:12 PM GMT+1","Lunch, Dinner","Male","Sunday;Saturday","Afternoon","Fried yam with egg sauce, stew;Fried rice;Jellof rice;Plain rice with stew, gbadun;Porridge beans, plain beans and stew with plantain"
"2020/10/01 1:54:41 PM GMT+1","Lunch, Dinner","Male","Sunday;Tuesday;Wednesday;Thursday;Saturday","Evening","Fried potatoes with egg sauce, stew;Fried yam with egg sauce, stew;Fried rice;Jellof rice;Plain spaghetti and stew with boiled egg"
"2020/10/01 1:54:51 PM GMT+1","Lunch, Dinner","Female","Saturday","Evening","Plain rice with stew, gbadun"
"2020/10/01 1:55:40 PM GMT+1","Lunch, Dinner","Female","Monday;Tuesday;Wednesday;Thursday;Friday;Saturday","Afternoon","Fried yam with egg sauce, stew;Jellof rice;Plain rice with stew, gbadun;Porridge beans, plain beans and stew with plantain"
"2020/10/01 1:55:50 PM GMT+1","Lunch, Dinner","Female","Saturday","Evening","Fried rice"
"2020/10/01 1:56:42 PM GMT+1","Lunch, Dinner","Female","Sunday;Monday;Tuesday;Friday;Saturday","Evening","Fried yam with egg sauce, stew;Fried rice;Jellof rice;Plain rice with stew, gbadun;Porridge beans, plain beans and stew with plantain;Plain spaghetti and stew with boiled egg;Moi moi with pap, oat, custard"
"2020/10/01 1:56:57 PM GMT+1","Lunch, Dinner","Male","Friday;Saturday","Afternoon","Fried rice;Jellof rice;Porridge beans, plain beans and stew with plantain"
"2020/10/01 1:57:25 PM GMT+1","Lunch, Dinner","Female","Sunday;Monday;Saturday","Afternoon","Jellof rice;Plain rice with stew, gbadun;Jellof spaghetti with boiled egg"
"2020/10/01 1:57:53 PM GMT+1","Breakfast, Lunch, Dinner.","Male","Sunday;Wednesday;Friday","Evening","Fried potatoes with egg sauce, stew;Fried yam with egg sauce, stew;Plain rice with stew, gbadun;Porridge yam, plain yam and stew;Porridge beans, plain beans and stew with plantain"
"2020/10/01 1:57:56 PM GMT+1","Lunch, Dinner","Male","Sunday;Friday;Saturday","Evening","Fried potatoes with egg sauce, stew;Fried rice;Plain rice with stew, gbadun;Porridge beans, plain beans and stew with plantain;Semovita, poundo, eba with okra, egusi"
"2020/10/01 1:58:02 PM GMT+1","Lunch, Dinner","Female","Monday;Saturday","Afternoon","Fried potatoes with egg sauce, stew;Fried rice;Jellof rice"
"2020/10/01 1:58:02 PM GMT+1","Lunch, Dinner","Female","Saturday","Evening","Fried potatoes with egg sauce, stew"
"2020/10/01 1:58:18 PM GMT+1","Lunch, Dinner","Male","Saturday","Afternoon","Jellof rice"
"2020/10/01 1:58:31 PM GMT+1","Lunch, Dinner","Female","Sunday;Monday;Tuesday;Wednesday;Thursday;Friday;Saturday","Evening","Jellof rice;Plain rice with stew, gbadun;Semovita, poundo, eba with okra, egusi;Jellof spaghetti with boiled egg"
"2020/10/01 1:58:59 PM GMT+1","Lunch, Dinner","Female","Monday;Thursday;Saturday","Evening","Jellof rice;Plain rice with stew, gbadun;Porridge beans, plain beans and stew with plantain;Akara with pap, oat, custard;Moi moi with pap, oat, custard"
"2020/10/01 1:59:02 PM GMT+1","Lunch, Dinner","Male","Sunday;Monday;Wednesday;Friday;Saturday","Afternoon","Fried yam with egg sauce, stew;Jellof rice;Porridge beans, plain beans and stew with plantain;Semovita, poundo, eba with okra, egusi;Akara with pap, oat, custard"
"2020/10/01 1:59:59 PM GMT+1","Lunch, Dinner","Male","Tuesday;Thursday;Saturday","Evening","Fried rice;Jellof rice;Semovita, poundo, eba with okra, egusi"
"2020/10/01 2:00:50 PM GMT+1","Lunch, Dinner","Female","Monday;Tuesday;Thursday;Saturday","Afternoon","Jellof rice;Plain rice with stew, gbadun;Semovita, poundo, eba with okra, egusi;Plain spaghetti and stew with boiled egg"
"2020/10/01 2:01:30 PM GMT+1","Breakfast, Lunch, Dinner.","Female","Sunday;Tuesday;Thursday;Friday","Evening","Fried rice;Jellof rice;Plain rice with stew, gbadun;Jellof spaghetti with boiled egg;Plain spaghetti and stew with boiled egg;Akara with pap, oat, custard"
"2020/10/01 2:01:44 PM GMT+1","Lunch, Dinner","Female","Monday;Wednesday;Thursday;Saturday","Evening","Fried potatoes with egg sauce, stew;Jellof rice;Plain rice with stew, gbadun;Porridge beans, plain beans and stew with plantain;Semovita, poundo, eba with okra, egusi;Plain spaghetti and stew with boiled egg"
"2020/10/01 2:02:11 PM GMT+1","Breakfast, Lunch, Dinner.","Female","Sunday;Saturday","Morning","Akara with pap, oat, custard"
"2020/10/01 2:02:24 PM GMT+1","Lunch, Dinner","Female","Tuesday;Thursday;Friday;Saturday","Evening","Plain rice with stew, gbadun;Jellof spaghetti with boiled egg"
"2020/10/01 2:02:31 PM GMT+1","Breakfast, Lunch, Dinner.","Female","Monday;Thursday;Friday;Saturday","Evening","Jellof rice"
"2020/10/01 2:03:21 PM GMT+1","Lunch, Dinner","Male","Saturday","Afternoon","Jellof rice"
"2020/10/01 2:03:44 PM GMT+1","Breakfast, Lunch, Dinner.","Male","Monday;Saturday","Afternoon","Fried potatoes with egg sauce, stew;Jellof rice;Semovita, poundo, eba with okra, egusi;Plain spaghetti and stew with boiled egg;Akara with pap, oat, custard;Moi moi with pap, oat, custard"
"2020/10/01 2:03:47 PM GMT+1","Lunch, Dinner","Female","Sunday;Monday;Saturday","Afternoon","Fried potatoes with egg sauce, stew;Jellof rice;Plain rice with stew, gbadun;Semovita, poundo, eba with okra, egusi"
"2020/10/01 2:03:49 PM GMT+1","Lunch, Dinner","Female","Wednesday;Saturday","Afternoon","Fried potatoes with egg sauce, stew;Fried rice;Semovita, poundo, eba with okra, egusi;Jellof spaghetti with boiled egg"
"2020/10/01 2:04:32 PM GMT+1","Lunch, Dinner","Female","Sunday;Monday;Thursday;Friday;Saturday","Evening","Fried yam with egg sauce, stew;Akara with pap, oat, custard"
"2020/10/01 2:04:47 PM GMT+1","Breakfast, Lunch, Dinner.","Female","Friday","Evening","Jellof spaghetti with boiled egg"
"2020/10/01 2:06:03 PM GMT+1","Lunch, Dinner","Female","Sunday;Monday;Tuesday;Thursday;Friday;Saturday","Evening","Fried potatoes with egg sauce, stew;Fried rice;Jellof rice;Plain rice with stew, gbadun;Plain spaghetti and stew with boiled egg"
"2020/10/01 2:06:28 PM GMT+1","Lunch, Dinner","Male","Sunday;Monday;Thursday;Saturday","Evening","Fried rice;Jellof rice;Plain rice with stew, gbadun;Porridge beans, plain beans and stew with plantain"
"2020/10/01 2:06:39 PM GMT+1","Lunch, Dinner","Male","Sunday;Monday;Thursday;Saturday","Evening","Fried rice;Jellof rice;Plain rice with stew, gbadun;Porridge beans, plain beans and stew with plantain"
"2020/10/01 2:07:35 PM GMT+1","Lunch, Dinner","Male","Monday;Saturday","Afternoon","Fried yam with egg sauce, stew;Fried rice;Jellof rice;Plain rice with stew, gbadun;Semovita, poundo, eba with okra, egusi;Jellof spaghetti with boiled egg;Plain spaghetti and stew with boiled egg"
"2020/10/01 2:07:37 PM GMT+1","Lunch, Dinner","Male","Monday;Tuesday;Wednesday;Thursday;Friday;Saturday","Afternoon","Fried rice;Jellof rice;Plain rice with stew, gbadun;Semovita, poundo, eba with okra, egusi"
"2020/10/01 2:07:45 PM GMT+1","Lunch, Dinner","Female","Saturday","Afternoon","Jellof rice"
"2020/10/01 2:07:46 PM GMT+1","Lunch, Dinner","Female","Monday;Tuesday;Thursday;Saturday","Afternoon","Jellof rice;Plain rice with stew, gbadun;Semovita, poundo, eba with okra, egusi;Akara with pap, oat, custard"
"2020/10/01 2:08:01 PM GMT+1","Breakfast, Lunch, Dinner.","Female","Monday;Tuesday;Thursday;Saturday","Evening","Plain rice with stew, gbadun;Plain spaghetti and stew with boiled egg"
"2020/10/01 2:08:16 PM GMT+1","Lunch, Dinner","Female","Thursday","Evening","Plain rice with stew, gbadun"
"2020/10/01 2:08:48 PM GMT+1","Lunch, Dinner","Female","Monday;Thursday;Friday;Saturday","Evening","Fried potatoes with egg sauce, stew;Fried rice;Plain rice with stew, gbadun;Porridge beans, plain beans and stew with plantain;Semovita, poundo, eba with okra, egusi;Plain spaghetti and stew with boiled egg"
"2020/10/01 2:09:31 PM GMT+1","Lunch, Dinner","Female","Sunday","Evening","Fried potatoes with egg sauce, stew;Plain rice with stew, gbadun;Porridge beans, plain beans and stew with plantain;Akara with pap, oat, custard"
"2020/10/01 2:09:38 PM GMT+1","Lunch, Dinner","Female","Saturday","Afternoon","Plain rice with stew, gbadun"
"2020/10/01 2:11:12 PM GMT+1","Lunch, Dinner","Male","Sunday;Thursday;Saturday","Evening","Fried rice;Porridge yam, plain yam and stew;Porridge beans, plain beans and stew with plantain"
"2020/10/01 2:12:39 PM GMT+1","Lunch, Dinner","Male","Monday;Saturday","Evening","Fried rice;Jellof rice;Porridge beans, plain beans and stew with plantain;Jellof spaghetti with boiled egg;Plain spaghetti and stew with boiled egg;Akara with pap, oat, custard"
"2020/10/01 2:13:30 PM GMT+1","Lunch, Dinner","Male","Saturday","Evening","Fried potatoes with egg sauce, stew"
"2020/10/01 2:14:44 PM GMT+1","Breakfast, Lunch, Dinner.","Male","Sunday;Monday;Tuesday;Wednesday;Thursday;Friday;Saturday","Evening","Jellof rice"
"2020/10/01 2:16:37 PM GMT+1","Lunch, Dinner","Male","Sunday;Monday;Thursday;Friday;Saturday","Evening","Fried potatoes with egg sauce, stew;Fried rice;Porridge beans, plain beans and stew with plantain;Semovita, poundo, eba with okra, egusi"
"2020/10/01 2:18:06 PM GMT+1","Lunch, Dinner","Female","Sunday;Monday;Tuesday;Wednesday;Thursday;Friday;Saturday","Evening","Fried potatoes with egg sauce, stew;Fried yam with egg sauce, stew;Jellof rice;Plain rice with stew, gbadun;Porridge beans, plain beans and stew with plantain;Semovita, poundo, eba with okra, egusi;Jellof spaghetti with boiled egg;Plain spaghetti and stew with boiled egg"
"2020/10/01 2:18:07 PM GMT+1","Breakfast, Lunch, Dinner.","Male","Sunday","Evening","Fried rice"
"2020/10/01 2:18:27 PM GMT+1","Lunch, Dinner","Female","Saturday","Afternoon","Fried yam with egg sauce, stew;Fried rice;Jellof rice;Plain rice with stew, gbadun;Semovita, poundo, eba with okra, egusi;Jellof spaghetti with boiled egg;Plain spaghetti and stew with boiled egg"
"2020/10/01 2:18:58 PM GMT+1","Breakfast, Lunch, Dinner.","Female","Sunday;Monday;Wednesday;Friday;Saturday","Morning","Fried potatoes with egg sauce, stew;Fried rice;Jellof rice;Plain rice with stew, gbadun;Porridge beans, plain beans and stew with plantain;Jellof spaghetti with boiled egg;Akara with pap, oat, custard"
"2020/10/01 2:19:06 PM GMT+1","Breakfast, Lunch, Dinner.","Female","Sunday","Evening","Plain rice with stew, gbadun;Akara with pap, oat, custard"
"2020/10/01 2:19:39 PM GMT+1","Breakfast, Lunch, Dinner.","Male","Saturday","Afternoon","Semovita, poundo, eba with okra, egusi"
"2020/10/01 2:20:27 PM GMT+1","Lunch, Dinner","Male","Saturday","Afternoon","Fried rice"
"2020/10/01 2:20:51 PM GMT+1","Lunch, Dinner","Female","Saturday","Afternoon","Semovita, poundo, eba with okra, egusi"
"2020/10/01 2:21:08 PM GMT+1","Lunch, Dinner","Male","Monday;Tuesday;Wednesday;Thursday;Friday;Saturday","Evening","Porridge beans, plain beans and stew with plantain"
"2020/10/01 2:22:07 PM GMT+1","Lunch, Dinner","Male","Sunday;Tuesday;Wednesday","Afternoon","Jellof rice;Plain rice with stew, gbadun;Semovita, poundo, eba with okra, egusi"
"2020/10/01 2:23:02 PM GMT+1","Lunch, Dinner","Male","Wednesday","Evening","Porridge beans, plain beans and stew with plantain"
"2020/10/01 2:23:17 PM GMT+1","Breakfast, Lunch, Dinner.","Male","Sunday","Evening","Akara with pap, oat, custard"
"2020/10/01 2:24:33 PM GMT+1","Lunch, Dinner","Female","Saturday","Evening","Fried rice"
"2020/10/01 2:26:36 PM GMT+1","Breakfast, Lunch, Dinner.","Female","Sunday;Monday;Tuesday;Wednesday;Thursday;Friday;Saturday","Afternoon","Fried potatoes with egg sauce, stew;Fried yam with egg sauce, stew;Fried rice;Jellof rice;Plain rice with stew, gbadun;Porridge yam, plain yam and stew;Porridge beans, plain beans and stew with plantain;Semovita, poundo, eba with okra, egusi;Jellof spaghetti with boiled egg;Plain spaghetti and stew with boiled egg;Akara with pap, oat, custard;Moi moi with pap, oat, custard"
"2020/10/01 2:26:55 PM GMT+1","Lunch, Dinner","Female","Sunday;Monday;Tuesday;Wednesday;Thursday;Friday;Saturday","Afternoon","Fried potatoes with egg sauce, stew;Fried yam with egg sauce, stew;Fried rice;Jellof rice;Plain rice with stew, gbadun;Porridge yam, plain yam and stew;Porridge beans, plain beans and stew with plantain;Semovita, poundo, eba with okra, egusi;Jellof spaghetti with boiled egg;Plain spaghetti and stew with boiled egg;Akara with pap, oat, custard;Moi moi with pap, oat, custard"
"2020/10/01 2:28:37 PM GMT+1","Lunch, Dinner","Male","Saturday","Afternoon","Jellof rice"
"2020/10/01 2:29:24 PM GMT+1","Lunch, Dinner","Female","Monday;Tuesday;Thursday;Saturday","Evening","Jellof rice;Plain rice with stew, gbadun"
"2020/10/01 2:30:37 PM GMT+1","Breakfast, Lunch, Dinner.","Male","Saturday","Afternoon","Jellof rice"
"2020/10/01 2:30:51 PM GMT+1","Breakfast, Lunch, Dinner.","Male","Saturday","Afternoon","Jellof rice"
"2020/10/01 2:32:22 PM GMT+1","Breakfast, Lunch, Dinner.","Female","Sunday;Monday;Thursday;Saturday","Evening","Fried rice;Jellof rice;Akara with pap, oat, custard"
"2020/10/01 2:32:28 PM GMT+1","Lunch, Dinner","Female","Saturday","Afternoon","Fried rice"
"2020/10/01 2:33:29 PM GMT+1","Breakfast, Lunch, Dinner.","Female","Monday","Afternoon","Fried yam with egg sauce, stew"
"2020/10/01 2:33:42 PM GMT+1","Lunch, Dinner","Male","Thursday","Evening","Plain rice with stew, gbadun"
"2020/10/01 2:34:08 PM GMT+1","Breakfast, Lunch, Dinner.","Female","Sunday;Monday;Thursday;Saturday","Evening","Fried rice;Jellof rice;Semovita, poundo, eba with okra, egusi;Akara with pap, oat, custard"
"2020/10/01 2:34:19 PM GMT+1","Lunch, Dinner","Female","Sunday;Monday;Wednesday;Thursday","Afternoon","Fried potatoes with egg sauce, stew;Plain rice with stew, gbadun;Plain spaghetti and stew with boiled egg"
"2020/10/01 2:34:34 PM GMT+1","Breakfast, Lunch, Dinner.","Female","Thursday","Afternoon","Plain rice with stew, gbadun"
"2020/10/01 2:34:55 PM GMT+1","Breakfast, Lunch, Dinner.","Female","Thursday","Evening","Fried yam with egg sauce, stew"
"2020/10/01 2:35:19 PM GMT+1","Lunch, Dinner","Female","Sunday;Monday;Wednesday;Thursday;Friday;Saturday","Evening","Jellof rice;Porridge beans, plain beans and stew with plantain;Semovita, poundo, eba with okra, egusi;Jellof spaghetti with boiled egg;Akara with pap, oat, custard"
"2020/10/01 2:36:05 PM GMT+1","Breakfast, Lunch, Dinner.","Female","Sunday;Tuesday;Friday;Saturday","Evening","Plain rice with stew, gbadun;Plain spaghetti and stew with boiled egg;Akara with pap, oat, custard;Moi moi with pap, oat, custard"
"2020/10/01 2:36:38 PM GMT+1","Lunch, Dinner","Female","Monday;Wednesday;Saturday","Evening","Plain spaghetti and stew with boiled egg"
"2020/10/01 2:37:42 PM GMT+1","Lunch, Dinner","Male","Sunday;Monday;Tuesday;Wednesday;Thursday;Friday;Saturday","Afternoon","Jellof rice"
"2020/10/01 2:38:32 PM GMT+1","Lunch, Dinner","Female","Monday","Afternoon","Akara with pap, oat, custard"
"2020/10/01 2:39:36 PM GMT+1","Lunch, Dinner","Female","Saturday","Evening","Fried rice;Jellof rice;Semovita, poundo, eba with okra, egusi;Jellof spaghetti with boiled egg"
"2020/10/01 2:40:24 PM GMT+1","Breakfast, Lunch, Dinner.","Female","Thursday","Afternoon","Semovita, poundo, eba with okra, egusi"
"2020/10/01 2:42:41 PM GMT+1","Lunch, Dinner","Male","Sunday;Saturday","Afternoon","Jellof rice"
"2020/10/01 2:43:46 PM GMT+1","Lunch, Dinner","Male","Monday;Saturday","Evening","Jellof rice;Plain rice with stew, gbadun;Porridge yam, plain yam and stew;Moi moi with pap, oat, custard"
"2020/10/01 2:44:23 PM GMT+1","Lunch, Dinner","Female","Tuesday;Thursday;Saturday","Evening","Semovita, poundo, eba with okra, egusi"
"2020/10/01 2:44:57 PM GMT+1","Lunch, Dinner","Male","Saturday","Evening","Plain spaghetti and stew with boiled egg"
"2020/10/01 2:45:51 PM GMT+1","Lunch, Dinner","Female","Saturday","Afternoon","Jellof rice"
"2020/10/01 2:46:13 PM GMT+1","Breakfast, Dinner.","Male","Sunday;Tuesday;Thursday;Saturday","Morning","Akara with pap, oat, custard"
"2020/10/01 2:47:34 PM GMT+1","Lunch, Dinner","Female","Monday;Tuesday;Thursday;Saturday","Afternoon","Jellof rice;Plain spaghetti and stew with boiled egg"
"2020/10/01 2:47:47 PM GMT+1","Lunch, Dinner","Female","Sunday;Tuesday;Thursday;Saturday","Evening","Plain rice with stew, gbadun"
"2020/10/01 2:48:49 PM GMT+1","Breakfast, Lunch, Dinner.","Male","Saturday","Afternoon","Plain rice with stew, gbadun"
"2020/10/01 2:49:11 PM GMT+1","Lunch, Dinner","Male","Saturday","Afternoon","Plain spaghetti and stew with boiled egg"
"2020/10/01 2:50:47 PM GMT+1","Lunch, Dinner","Male","Saturday","Afternoon","Jellof rice"
"2020/10/01 2:50:59 PM GMT+1","Lunch, Dinner","Female","Tuesday;Wednesday;Saturday","Evening","Plain rice with stew, gbadun"
"2020/10/01 2:51:19 PM GMT+1","Lunch, Dinner","Female","Thursday;Saturday","Afternoon","Plain rice with stew, gbadun"
"2020/10/01 2:52:05 PM GMT+1","Lunch, Dinner","Female","Saturday","Afternoon","Jellof rice"
"2020/10/01 2:53:24 PM GMT+1","Lunch, Dinner","Female","Sunday;Monday;Tuesday;Friday;Saturday","Evening","Fried potatoes with egg sauce, stew;Fried rice;Jellof rice;Plain rice with stew, gbadun;Porridge yam, plain yam and stew;Porridge beans, plain beans and stew with plantain"
"2020/10/01 2:55:09 PM GMT+1","Breakfast, Lunch, Dinner.","Female","Sunday;Monday;Tuesday;Thursday;Friday;Saturday","Morning","Jellof rice;Plain rice with stew, gbadun;Akara with pap, oat, custard;Moi moi with pap, oat, custard"
"2020/10/01 2:57:26 PM GMT+1","Lunch, Dinner","Female","Tuesday;Thursday;Saturday","Evening","Fried yam with egg sauce, stew;Jellof rice;Plain rice with stew, gbadun;Semovita, poundo, eba with okra, egusi;Akara with pap, oat, custard;Moi moi with pap, oat, custard"
"2020/10/01 2:59:46 PM GMT+1","Breakfast, Lunch.","Male","Sunday;Monday;Tuesday;Thursday;Friday;Saturday","Afternoon","Fried potatoes with egg sauce, stew;Fried yam with egg sauce, stew;Fried rice;Jellof rice;Semovita, poundo, eba with okra, egusi;Jellof spaghetti with boiled egg"
"2020/10/01 3:02:48 PM GMT+1","Lunch, Dinner","Female","Saturday","Evening","Jellof rice"
"2020/10/01 3:03:12 PM GMT+1","Lunch, Dinner","Male","Monday;Tuesday;Wednesday;Thursday;Saturday","Evening","Fried potatoes with egg sauce, stew;Fried yam with egg sauce, stew;Porridge beans, plain beans and stew with plantain;Plain spaghetti and stew with boiled egg;Akara with pap, oat, custard"
"2020/10/01 3:03:58 PM GMT+1","Lunch, Dinner","Female","Sunday;Monday;Tuesday;Thursday;Friday","Evening","Fried potatoes with egg sauce, stew;Fried rice;Jellof rice;Plain rice with stew, gbadun;Semovita, poundo, eba with okra, egusi;Jellof spaghetti with boiled egg;Akara with pap, oat, custard;Moi moi with pap, oat, custard"
"2020/10/01 3:04:55 PM GMT+1","Lunch, Dinner","Male","Monday;Tuesday;Thursday;Saturday","Evening","Fried potatoes with egg sauce, stew;Jellof rice;Plain rice with stew, gbadun;Jellof spaghetti with boiled egg;Akara with pap, oat, custard"
"2020/10/01 3:06:13 PM GMT+1","Lunch, Dinner","Male","Saturday","Evening","Jellof rice"
"2020/10/01 3:09:29 PM GMT+1","Lunch, Dinner","Male","Saturday","Afternoon","Plain rice with stew, gbadun"
"2020/10/01 3:09:42 PM GMT+1","Lunch, Dinner","Female","Monday;Tuesday;Friday;Saturday","Evening","Jellof rice;Plain rice with stew, gbadun"
"2020/10/01 3:10:09 PM GMT+1","Lunch, Dinner","Female","Monday;Thursday;Friday;Saturday","Evening","Plain spaghetti and stew with boiled egg"
"2020/10/01 3:10:31 PM GMT+1","Breakfast, Lunch, Dinner.","Female","Monday;Saturday","Evening","Fried potatoes with egg sauce, stew"
"2020/10/01 3:11:30 PM GMT+1","Lunch, Dinner","Female","Sunday;Monday;Tuesday;Wednesday;Thursday;Friday;Saturday","Afternoon","Fried rice;Jellof rice;Jellof spaghetti with boiled egg;Akara with pap, oat, custard"
"2020/10/01 3:11:39 PM GMT+1","Lunch, Dinner","Female","Tuesday;Wednesday;Saturday","Evening","Plain rice with stew, gbadun"
"2020/10/01 3:12:30 PM GMT+1","Breakfast, Lunch, Dinner.","Male","Saturday","Morning","Moi moi with pap, oat, custard"
"2020/10/01 3:12:46 PM GMT+1","Breakfast, Lunch, Dinner.","Male","Sunday;Monday;Tuesday;Wednesday;Thursday;Friday;Saturday","Evening","Fried potatoes with egg sauce, stew;Fried rice;Jellof rice;Plain rice with stew, gbadun;Semovita, poundo, eba with okra, egusi;Jellof spaghetti with boiled egg;Plain spaghetti and stew with boiled egg;Moi moi with pap, oat, custard"
"2020/10/01 3:15:06 PM GMT+1","Lunch, Dinner","Male","Sunday;Monday;Tuesday;Wednesday;Thursday;Friday;Saturday","Evening","Fried yam with egg sauce, stew;Fried rice;Jellof rice;Plain rice with stew, gbadun;Moi moi with pap, oat, custard"
"2020/10/01 3:15:40 PM GMT+1","Breakfast, Lunch.","Female","Monday;Tuesday;Thursday;Saturday","Afternoon","Fried rice;Jellof rice;Semovita, poundo, eba with okra, egusi;Akara with pap, oat, custard;Moi moi with pap, oat, custard"
"2020/10/01 3:15:48 PM GMT+1","Breakfast, Lunch, Dinner.","Female","Sunday;Monday;Tuesday;Wednesday;Thursday;Friday;Saturday","Evening","Plain rice with stew, gbadun;Porridge beans, plain beans and stew with plantain;Moi moi with pap, oat, custard"
"2020/10/01 3:15:59 PM GMT+1","Breakfast, Lunch, Dinner.","Male","Monday;Thursday;Friday;Saturday","Afternoon","Fried potatoes with egg sauce, stew;Fried rice;Plain rice with stew, gbadun;Jellof spaghetti with boiled egg;Akara with pap, oat, custard"
"2020/10/01 3:16:27 PM GMT+1","Breakfast, Lunch, Dinner.","Female","Sunday;Thursday;Friday;Saturday","Evening","Fried rice;Plain rice with stew, gbadun;Porridge beans, plain beans and stew with plantain"
"2020/10/01 3:18:32 PM GMT+1","Breakfast, Lunch, Dinner.","Female","Saturday","Afternoon","Fried potatoes with egg sauce, stew"
"2020/10/01 3:18:38 PM GMT+1","Breakfast, Dinner.","Female","Tuesday;Thursday","Morning","Fried yam with egg sauce, stew"
"2020/10/01 3:18:59 PM GMT+1","Lunch, Dinner","Female","Monday;Wednesday;Thursday","Evening","Fried rice;Jellof rice;Porridge yam, plain yam and stew;Porridge beans, plain beans and stew with plantain;Semovita, poundo, eba with okra, egusi"
"2020/10/01 3:20:33 PM GMT+1","Lunch, Dinner","Male","Sunday;Monday;Tuesday;Wednesday;Thursday;Friday;Saturday","Afternoon","Fried rice;Porridge beans, plain beans and stew with plantain;Semovita, poundo, eba with okra, egusi"
"2020/10/01 3:21:44 PM GMT+1","Breakfast, Lunch.","Female","Sunday;Monday;Saturday","Morning","Fried potatoes with egg sauce, stew;Plain rice with stew, gbadun;Porridge beans, plain beans and stew with plantain;Akara with pap, oat, custard"
"2020/10/01 3:21:57 PM GMT+1","Lunch, Dinner","Female","Tuesday;Thursday","Evening","Fried rice;Jellof rice;Plain rice with stew, gbadun"
"2020/10/01 3:24:30 PM GMT+1","Lunch, Dinner","Female","Sunday;Monday;Tuesday;Thursday;Saturday","Afternoon","Jellof rice;Semovita, poundo, eba with okra, egusi;Plain spaghetti and stew with boiled egg"
"2020/10/01 3:25:00 PM GMT+1","Lunch, Dinner","Female","Sunday;Monday;Thursday;Friday;Saturday","Evening","Fried rice;Plain rice with stew, gbadun;Akara with pap, oat, custard"
"2020/10/01 3:27:19 PM GMT+1","Lunch, Dinner","Female","Wednesday;Thursday;Friday","Evening","Jellof rice;Plain rice with stew, gbadun"
"2020/10/01 3:35:07 PM GMT+1","Lunch, Dinner","Female","Monday;Saturday","Afternoon","Jellof rice;Plain rice with stew, gbadun;Porridge beans, plain beans and stew with plantain;Plain spaghetti and stew with boiled egg;Akara with pap, oat, custard"
"2020/10/01 3:37:17 PM GMT+1","Lunch, Dinner","Male","Wednesday;Thursday;Saturday","Evening","Fried rice;Jellof rice;Plain rice with stew, gbadun;Jellof spaghetti with boiled egg;Plain spaghetti and stew with boiled egg"
"2020/10/01 3:37:17 PM GMT+1","Lunch, Dinner","Male","Wednesday;Thursday;Saturday","Evening","Fried rice;Jellof rice;Plain rice with stew, gbadun;Jellof spaghetti with boiled egg;Plain spaghetti and stew with boiled egg"
"2020/10/01 3:37:46 PM GMT+1","Lunch, Dinner","Female","Monday;Wednesday;Thursday;Saturday","Evening","Fried potatoes with egg sauce, stew;Jellof rice;Porridge beans, plain beans and stew with plantain;Semovita, poundo, eba with okra, egusi;Jellof spaghetti with boiled egg"
"2020/10/01 3:39:21 PM GMT+1","Lunch, Dinner","Male","Monday;Tuesday;Thursday;Friday;Saturday","Afternoon","Semovita, poundo, eba with okra, egusi"
"2020/10/01 3:40:30 PM GMT+1","Lunch, Dinner","Male","Tuesday","Evening","Plain rice with stew, gbadun;Akara with pap, oat, custard"
"2020/10/01 3:41:36 PM GMT+1","Breakfast, Lunch, Dinner.","Female","Saturday","Evening","Fried yam with egg sauce, stew;Jellof rice;Plain spaghetti and stew with boiled egg;Moi moi with pap, oat, custard"
"2020/10/01 3:41:57 PM GMT+1","Lunch, Dinner","Male","Monday;Tuesday;Thursday;Saturday","Afternoon","Fried potatoes with egg sauce, stew;Fried rice;Jellof rice;Semovita, poundo, eba with okra, egusi;Akara with pap, oat, custard;Moi moi with pap, oat, custard"
"2020/10/01 3:43:04 PM GMT+1","Lunch, Dinner","Female","Monday;Thursday;Saturday","Evening","Jellof rice;Plain rice with stew, gbadun;Porridge beans, plain beans and stew with plantain;Akara with pap, oat, custard;Moi moi with pap, oat, custard"
"2020/10/01 3:45:17 PM GMT+1","Breakfast, Lunch.","Female","Monday;Tuesday;Wednesday;Thursday;Friday;Saturday","Evening","Plain rice with stew, gbadun;Moi moi with pap, oat, custard"
"2020/10/01 3:46:38 PM GMT+1","Breakfast, Lunch, Dinner.","Male","Tuesday;Thursday;Saturday","Evening","Jellof rice;Plain rice with stew, gbadun;Semovita, poundo, eba with okra, egusi;Plain spaghetti and stew with boiled egg;Akara with pap, oat, custard"
"2020/10/01 3:48:02 PM GMT+1","Lunch, Dinner","Female","Wednesday;Friday;Saturday","Evening","Fried yam with egg sauce, stew;Jellof rice;Semovita, poundo, eba with okra, egusi"
"2020/10/01 3:51:04 PM GMT+1","Breakfast, Lunch, Dinner.","Male","Monday;Tuesday;Wednesday;Thursday;Friday;Saturday","Afternoon","Semovita, poundo, eba with okra, egusi"
"2020/10/01 3:52:15 PM GMT+1","Breakfast, Lunch.","Female","Monday;Thursday;Saturday","Afternoon","Plain rice with stew, gbadun;Plain spaghetti and stew with boiled egg;Akara with pap, oat, custard;Moi moi with pap, oat, custard"
"2020/10/01 3:52:55 PM GMT+1","Breakfast, Lunch, Dinner.","Female","Sunday;Monday;Thursday;Saturday","Evening","Fried rice;Jellof rice;Semovita, poundo, eba with okra, egusi;Akara with pap, oat, custard"
"2020/10/01 3:53:13 PM GMT+1","Breakfast, Lunch, Dinner.","Female","Monday;Friday;Saturday","Afternoon","Fried yam with egg sauce, stew;Fried rice;Jellof rice;Plain rice with stew, gbadun;Akara with pap, oat, custard;Moi moi with pap, oat, custard"
"2020/10/01 3:53:24 PM GMT+1","Lunch, Dinner","Female","Tuesday;Thursday;Saturday","Afternoon","Plain rice with stew, gbadun;Semovita, poundo, eba with okra, egusi;Jellof spaghetti with boiled egg;Moi moi with pap, oat, custard"
"2020/10/01 3:56:07 PM GMT+1","Lunch, Dinner","Female","Monday;Wednesday;Friday;Saturday","Evening","Fried rice;Plain rice with stew, gbadun;Porridge beans, plain beans and stew with plantain;Akara with pap, oat, custard;Moi moi with pap, oat, custard"
"2020/10/01 3:56:09 PM GMT+1","Breakfast, Lunch, Dinner.","Male","Saturday","Afternoon","Jellof rice;Plain rice with stew, gbadun;Semovita, poundo, eba with okra, egusi;Akara with pap, oat, custard"
"2020/10/01 3:56:30 PM GMT+1","Breakfast, Lunch, Dinner.","Female","Wednesday","Evening","Porridge beans, plain beans and stew with plantain"
"2020/10/01 3:57:15 PM GMT+1","Lunch, Dinner","Male","Sunday","Evening","Plain rice with stew, gbadun"
"2020/10/01 3:58:43 PM GMT+1","Lunch, Dinner","Male","Monday;Wednesday;Friday;Saturday","Afternoon","Fried potatoes with egg sauce, stew;Fried rice;Plain spaghetti and stew with boiled egg"
"2020/10/01 4:00:11 PM GMT+1","Lunch, Dinner","Male","Sunday;Friday;Saturday","Afternoon","Fried potatoes with egg sauce, stew;Plain spaghetti and stew with boiled egg;Akara with pap, oat, custard;Moi moi with pap, oat, custard"
"2020/10/01 4:03:44 PM GMT+1","Lunch, Dinner","Male","Monday;Tuesday;Wednesday;Thursday;Saturday","Evening","Fried rice"
"2020/10/01 4:05:03 PM GMT+1","Breakfast, Lunch, Dinner.","Male","Sunday","Evening","Plain rice with stew, gbadun"
"2020/10/01 4:05:07 PM GMT+1","Lunch, Dinner","Male","Monday;Tuesday;Wednesday;Thursday;Saturday","Evening","Fried rice"
"2020/10/01 4:05:51 PM GMT+1","Breakfast, Lunch.","Female","Sunday;Tuesday;Thursday","Morning","Semovita, poundo, eba with okra, egusi;Akara with pap, oat, custard;Moi moi with pap, oat, custard"
"2020/10/01 4:07:20 PM GMT+1","Lunch, Dinner","Male","Monday;Tuesday;Wednesday;Thursday;Saturday","Evening","Fried rice"
"2020/10/01 4:10:25 PM GMT+1","Lunch, Dinner","Male","Monday;Tuesday;Wednesday;Thursday;Saturday","Evening","Fried rice"
"2020/10/01 4:12:31 PM GMT+1","Lunch, Dinner","Male","Monday;Tuesday;Wednesday;Thursday;Saturday","Evening","Fried rice"
"2020/10/01 4:15:48 PM GMT+1","Breakfast, Lunch, Dinner.","Female","Monday;Thursday;Friday;Saturday","Evening","Jellof rice"
"2020/10/01 4:16:01 PM GMT+1","Lunch, Dinner","Female","Sunday;Tuesday;Wednesday;Thursday;Friday","Evening","Fried rice;Jellof rice;Plain rice with stew, gbadun;Porridge beans, plain beans and stew with plantain;Semovita, poundo, eba with okra, egusi;Jellof spaghetti with boiled egg;Moi moi with pap, oat, custard"
"2020/10/01 4:17:08 PM GMT+1","Breakfast, Lunch, Dinner.","Female","Friday","Evening","Akara with pap, oat, custard"
"2020/10/01 4:17:24 PM GMT+1","Lunch, Dinner","Male","Thursday","Afternoon","Semovita, poundo, eba with okra, egusi"
"2020/10/01 4:18:08 PM GMT+1","Lunch, Dinner","Female","Sunday;Monday;Tuesday;Wednesday;Thursday;Saturday","Evening","Fried yam with egg sauce, stew;Jellof rice;Plain rice with stew, gbadun;Jellof spaghetti with boiled egg"
"2020/10/01 4:19:15 PM GMT+1","Breakfast, Lunch, Dinner.","Male","Sunday;Monday;Tuesday;Wednesday;Thursday;Friday;Saturday","Afternoon","Fried yam with egg sauce, stew;Fried rice;Jellof rice;Plain rice with stew, gbadun;Porridge beans, plain beans and stew with plantain;Jellof spaghetti with boiled egg;Akara with pap, oat, custard;Moi moi with pap, oat, custard"
"2020/10/01 4:24:55 PM GMT+1","Breakfast, Lunch, Dinner.","Male","Monday;Tuesday;Thursday;Friday;Saturday","Evening","Jellof rice;Plain rice with stew, gbadun;Semovita, poundo, eba with okra, egusi;Plain spaghetti and stew with boiled egg;Akara with pap, oat, custard"
"2020/10/01 4:26:00 PM GMT+1","Lunch, Dinner","Female","Sunday;Monday;Tuesday;Wednesday;Thursday;Friday;Saturday","Evening","Jellof rice;Plain rice with stew, gbadun;Semovita, poundo, eba with okra, egusi;Jellof spaghetti with boiled egg"
"2020/10/01 4:28:28 PM GMT+1","Lunch, Dinner","Female","Monday;Tuesday;Wednesday;Thursday;Friday;Saturday","Afternoon","Fried yam with egg sauce, stew;Jellof rice;Plain rice with stew, gbadun;Porridge beans, plain beans and stew with plantain"
"2020/10/01 4:29:42 PM GMT+1","Lunch, Dinner","Female","Monday;Wednesday;Saturday","Evening","Fried yam with egg sauce, stew;Plain rice with stew, gbadun;Jellof spaghetti with boiled egg"
"2020/10/01 4:30:42 PM GMT+1","Lunch, Dinner","Female","Monday;Wednesday;Friday;Saturday","Evening","Plain rice with stew, gbadun"
"2020/10/01 4:31:14 PM GMT+1","Lunch, Dinner","Female","Monday;Saturday","Evening","Fried rice;Jellof rice;Plain rice with stew, gbadun;Moi moi with pap, oat, custard"
"2020/10/01 4:32:32 PM GMT+1","Lunch, Dinner","Female","Monday;Tuesday;Thursday;Saturday","Afternoon","Fried potatoes with egg sauce, stew;Fried rice;Jellof rice;Plain rice with stew, gbadun;Semovita, poundo, eba with okra, egusi"
"2020/10/01 4:32:54 PM GMT+1","Lunch, Dinner","Female","Tuesday;Thursday;Saturday","Evening","Fried rice;Jellof rice;Plain rice with stew, gbadun"
"2020/10/01 4:33:18 PM GMT+1","Breakfast, Lunch, Dinner.","Female","Sunday;Monday;Tuesday;Wednesday;Thursday;Friday;Saturday","Afternoon","Fried rice"
"2020/10/01 4:46:43 PM GMT+1","Lunch, Dinner","Male","Monday;Wednesday;Thursday;Friday;Saturday","Evening","Fried potatoes with egg sauce, stew;Fried rice;Jellof rice;Plain rice with stew, gbadun;Semovita, poundo, eba with okra, egusi;Plain spaghetti and stew with boiled egg;Moi moi with pap, oat, custard"
"2020/10/01 4:50:25 PM GMT+1","Breakfast, Dinner.","Female","Sunday;Thursday","Evening","Fried yam with egg sauce, stew;Fried rice"
"2020/10/01 4:54:41 PM GMT+1","Lunch, Dinner","Female","Sunday;Monday;Tuesday;Wednesday;Thursday;Saturday","Evening","Fried yam with egg sauce, stew;Jellof rice;Plain rice with stew, gbadun;Jellof spaghetti with boiled egg"
"2020/10/01 4:58:28 PM GMT+1","Lunch, Dinner","Female","Tuesday;Wednesday;Thursday","Evening","Jellof rice;Plain rice with stew, gbadun;Jellof spaghetti with boiled egg"
"2020/10/01 4:59:18 PM GMT+1","Lunch, Dinner","Female","Tuesday;Thursday;Friday;Saturday","Evening","Fried potatoes with egg sauce, stew;Jellof rice;Plain rice with stew, gbadun;Akara with pap, oat, custard"
"2020/10/01 5:05:13 PM GMT+1","Lunch, Dinner","Male","Saturday","Evening","Fried potatoes with egg sauce, stew;Fried yam with egg sauce, stew"
"2020/10/01 5:07:37 PM GMT+1","Lunch, Dinner","Female","Monday","Afternoon","Fried potatoes with egg sauce, stew;Plain rice with stew, gbadun;Akara with pap, oat, custard"
"2020/10/01 5:16:01 PM GMT+1","Breakfast, Lunch, Dinner.","Female","Sunday;Tuesday;Saturday","Afternoon","Fried potatoes with egg sauce, stew;Plain rice with stew, gbadun"
"2020/10/01 5:16:52 PM GMT+1","Breakfast, Lunch, Dinner.","Female","Sunday;Monday;Tuesday;Wednesday;Thursday;Saturday","Afternoon","Fried rice;Jellof rice;Semovita, poundo, eba with okra, egusi;Jellof spaghetti with boiled egg;Akara with pap, oat, custard;Moi moi with pap, oat, custard"
"2020/10/01 5:27:06 PM GMT+1","Lunch, Dinner","Male","Saturday","Evening","Plain spaghetti and stew with boiled egg"
"2020/10/01 5:42:52 PM GMT+1","Lunch, Dinner","Female","Sunday;Monday;Thursday;Saturday","Evening","Plain rice with stew, gbadun"
"2020/10/01 5:51:35 PM GMT+1","Lunch, Dinner","Female","Sunday;Monday;Tuesday;Wednesday;Thursday;Friday;Saturday","Evening","Jellof rice;Porridge beans, plain beans and stew with plantain"
"2020/10/01 5:52:16 PM GMT+1","Lunch, Dinner","Female","Thursday","Evening","Jellof rice"
"2020/10/01 6:10:11 PM GMT+1","Lunch, Dinner","Female","Tuesday;Wednesday;Thursday","Evening","Jellof rice;Plain rice with stew, gbadun;Jellof spaghetti with boiled egg"
"2020/10/01 6:39:02 PM GMT+1","Breakfast, Lunch, Dinner.","Male","Monday;Saturday","Afternoon","Fried potatoes with egg sauce, stew;Jellof rice;Semovita, poundo, eba with okra, egusi;Plain spaghetti and stew with boiled egg;Akara with pap, oat, custard;Moi moi with pap, oat, custard"
"2020/10/01 6:57:40 PM GMT+1","Lunch, Dinner","Male","Monday;Wednesday;Friday;Saturday","Evening","Jellof spaghetti with boiled egg"
"2020/10/01 7:24:21 PM GMT+1","Lunch, Dinner","Female","Monday;Tuesday;Thursday;Friday;Saturday","Evening","Fried yam with egg sauce, stew;Jellof rice;Plain rice with stew, gbadun;Porridge yam, plain yam and stew;Porridge beans, plain beans and stew with plantain;Semovita, poundo, eba with okra, egusi;Plain spaghetti and stew with boiled egg;Moi moi with pap, oat, custard"
"2020/10/01 7:33:53 PM GMT+1","Lunch, Dinner","Female","Sunday","Afternoon","Plain rice with stew, gbadun"
"2020/10/01 7:35:23 PM GMT+1","Breakfast, Lunch, Dinner.","Female","Sunday;Monday;Wednesday;Thursday;Saturday","Morning","Fried potatoes with egg sauce, stew;Fried rice;Jellof rice;Plain rice with stew, gbadun;Porridge beans, plain beans and stew with plantain;Plain spaghetti and stew with boiled egg;Akara with pap, oat, custard;Moi moi with pap, oat, custard"
"2020/10/01 7:38:49 PM GMT+1","Breakfast, Lunch.","Female","Monday;Saturday","Afternoon","Fried rice;Jellof rice"
"2020/10/01 7:47:15 PM GMT+1","Breakfast, Lunch, Dinner.","Female","Sunday;Wednesday;Friday","Afternoon","Porridge beans, plain beans and stew with plantain"
"2020/10/01 7:56:29 PM GMT+1","Breakfast, Lunch.","Female","Saturday","Afternoon","Akara with pap, oat, custard"
"2020/10/01 8:03:07 PM GMT+1","Lunch, Dinner","Female","Sunday;Monday","Afternoon","Fried yam with egg sauce, stew;Jellof rice;Plain rice with stew, gbadun;Jellof spaghetti with boiled egg;Plain spaghetti and stew with boiled egg"
"2020/10/01 8:11:51 PM GMT+1","Breakfast, Lunch.","Male","Monday;Tuesday;Wednesday;Thursday;Friday;Saturday","Afternoon","Fried yam with egg sauce, stew"
"2020/10/01 8:27:08 PM GMT+1","Lunch, Dinner","Male","Sunday;Wednesday;Friday;Saturday","Evening","Jellof rice;Plain rice with stew, gbadun;Porridge beans, plain beans and stew with plantain;Jellof spaghetti with boiled egg;Plain spaghetti and stew with boiled egg;Akara with pap, oat, custard"
"2020/10/01 8:47:00 PM GMT+1","Lunch, Dinner","Female","Thursday","Evening","Jellof rice"
"2020/10/01 8:47:03 PM GMT+1","Lunch, Dinner","Male","Wednesday","Evening","Jellof spaghetti with boiled egg"
"2020/10/01 8:47:28 PM GMT+1","Lunch, Dinner","Male","Sunday;Monday;Tuesday;Wednesday;Saturday","Evening","Fried rice;Jellof rice;Jellof spaghetti with boiled egg;Plain spaghetti and stew with boiled egg;Moi moi with pap, oat, custard"
"2020/10/01 8:47:29 PM GMT+1","Lunch, Dinner","Female","Tuesday;Saturday","Evening","Jellof rice"
"2020/10/01 8:47:38 PM GMT+1","Lunch, Dinner","Female","Sunday;Monday;Tuesday;Wednesday;Thursday;Friday;Saturday","Afternoon","Jellof rice;Plain rice with stew, gbadun;Jellof spaghetti with boiled egg"
"2020/10/01 8:47:52 PM GMT+1","Lunch, Dinner","Male","Saturday","Evening","Plain rice with stew, gbadun"
"2020/10/01 8:48:21 PM GMT+1","Lunch, Dinner","Male","Tuesday;Wednesday;Thursday;Friday;Saturday","Evening","Fried potatoes with egg sauce, stew;Jellof rice;Plain rice with stew, gbadun;Porridge beans, plain beans and stew with plantain;Semovita, poundo, eba with okra, egusi"
"2020/10/01 8:48:35 PM GMT+1","Lunch, Dinner","Female","Saturday","Evening","Plain rice with stew, gbadun;Semovita, poundo, eba with okra, egusi;Plain spaghetti and stew with boiled egg;Akara with pap, oat, custard;Moi moi with pap, oat, custard"
"2020/10/01 8:48:42 PM GMT+1","Breakfast, Lunch, Dinner.","Female","Sunday;Monday;Tuesday;Wednesday;Thursday;Friday;Saturday","Afternoon","Fried rice;Jellof rice;Porridge yam, plain yam and stew;Porridge beans, plain beans and stew with plantain;Semovita, poundo, eba with okra, egusi;Akara with pap, oat, custard"
"2020/10/01 8:49:43 PM GMT+1","Lunch, Dinner","Female","Sunday;Monday;Tuesday;Wednesday;Thursday;Friday;Saturday","Evening","Jellof rice;Semovita, poundo, eba with okra, egusi;Jellof spaghetti with boiled egg;Plain spaghetti and stew with boiled egg"
"2020/10/01 8:49:44 PM GMT+1","Lunch, Dinner","Female","Saturday","Afternoon","Jellof rice;Plain rice with stew, gbadun;Porridge beans, plain beans and stew with plantain;Plain spaghetti and stew with boiled egg;Moi moi with pap, oat, custard"
"2020/10/01 8:50:08 PM GMT+1","Lunch, Dinner","Male","Saturday","Afternoon","Plain rice with stew, gbadun"
"2020/10/01 8:52:09 PM GMT+1","Lunch, Dinner","Female","Monday;Tuesday;Thursday;Saturday","Afternoon","Fried potatoes with egg sauce, stew;Jellof rice;Plain rice with stew, gbadun;Porridge beans, plain beans and stew with plantain;Jellof spaghetti with boiled egg"
"2020/10/01 8:56:12 PM GMT+1","Breakfast, Lunch, Dinner.","Female","Sunday","Morning","Jellof spaghetti with boiled egg"
"2020/10/01 8:57:04 PM GMT+1","Lunch, Dinner","Female","Wednesday","Afternoon","Plain rice with stew, gbadun"
"2020/10/01 9:03:01 PM GMT+1","Breakfast, Lunch, Dinner.","Female","Sunday","Afternoon","Plain rice with stew, gbadun;Porridge beans, plain beans and stew with plantain;Akara with pap, oat, custard"
"2020/10/01 9:14:57 PM GMT+1","Lunch, Dinner","Female","Monday;Tuesday;Wednesday;Thursday;Friday;Saturday","Evening","Moi moi with pap, oat, custard"
"2020/10/01 9:15:35 PM GMT+1","Lunch, Dinner","Female","Saturday","Afternoon","Jellof rice;Porridge beans, plain beans and stew with plantain;Akara with pap, oat, custard;Moi moi with pap, oat, custard"
"2020/10/01 9:24:10 PM GMT+1","Lunch, Dinner","Female","Sunday;Wednesday;Saturday","Afternoon","Jellof rice;Porridge beans, plain beans and stew with plantain"
"2020/10/01 9:27:03 PM GMT+1","Lunch, Dinner","Male","Saturday","Afternoon","Fried potatoes with egg sauce, stew;Jellof rice;Porridge beans, plain beans and stew with plantain;Semovita, poundo, eba with okra, egusi;Plain spaghetti and stew with boiled egg;Moi moi with pap, oat, custard"
"2020/10/01 9:27:56 PM GMT+1","Lunch, Dinner","Female","Tuesday","Afternoon","Semovita, poundo, eba with okra, egusi"
"2020/10/01 9:30:53 PM GMT+1","Lunch, Dinner","Female","Sunday;Monday;Thursday","Evening","Fried rice;Jellof rice;Jellof spaghetti with boiled egg;Plain spaghetti and stew with boiled egg"
"2020/10/01 9:32:14 PM GMT+1","Breakfast, Lunch.","Female","Sunday;Tuesday;Thursday","Afternoon","Fried yam with egg sauce, stew;Jellof rice;Semovita, poundo, eba with okra, egusi;Akara with pap, oat, custard"
"2020/10/01 9:34:51 PM GMT+1","Breakfast, Lunch, Dinner.","Female","Saturday","Morning","Akara with pap, oat, custard"
"2020/10/01 9:35:29 PM GMT+1","Lunch, Dinner","Male","Monday;Tuesday;Thursday;Saturday","Evening","Fried rice;Jellof rice;Plain rice with stew, gbadun;Moi moi with pap, oat, custard"
"2020/10/01 9:46:25 PM GMT+1","Lunch, Dinner","Female","Sunday","Evening","Porridge beans, plain beans and stew with plantain"
"2020/10/01 9:47:25 PM GMT+1","Breakfast, Lunch.","Male","Sunday;Monday;Tuesday;Wednesday;Thursday;Friday;Saturday","Evening","Fried potatoes with egg sauce, stew;Akara with pap, oat, custard"
"2020/10/01 9:52:22 PM GMT+1","Lunch, Dinner","Male","Sunday;Monday;Tuesday;Thursday;Saturday","Evening","Fried yam with egg sauce, stew;Fried rice;Jellof rice;Plain rice with stew, gbadun;Porridge beans, plain beans and stew with plantain;Semovita, poundo, eba with okra, egusi;Plain spaghetti and stew with boiled egg;Akara with pap, oat, custard;Moi moi with pap, oat, custard"
"2020/10/01 9:56:14 PM GMT+1","Lunch, Dinner","Male","Tuesday;Wednesday;Thursday;Friday;Saturday","Evening","Fried potatoes with egg sauce, stew;Jellof rice;Plain rice with stew, gbadun;Porridge beans, plain beans and stew with plantain;Semovita, poundo, eba with okra, egusi"
"2020/10/01 10:02:54 PM GMT+1","Breakfast, Dinner.","Female","Sunday;Monday;Tuesday;Wednesday;Thursday;Friday;Saturday","Evening","Plain spaghetti and stew with boiled egg"
"2020/10/01 10:24:32 PM GMT+1","Lunch, Dinner","Male","Sunday;Monday;Wednesday;Thursday;Saturday","Evening","Jellof rice"
"2020/10/01 10:27:36 PM GMT+1","Lunch, Dinner","Female","Saturday","Evening","Plain rice with stew, gbadun"
"2020/10/01 10:37:50 PM GMT+1","Breakfast, Lunch, Dinner.","Female","Sunday;Monday;Tuesday;Wednesday;Thursday;Friday;Saturday","Evening","Fried potatoes with egg sauce, stew;Plain rice with stew, gbadun;Porridge beans, plain beans and stew with plantain;Akara with pap, oat, custard;Moi moi with pap, oat, custard"
"2020/10/01 10:39:55 PM GMT+1","Lunch, Dinner","Male","Sunday;Monday;Tuesday;Wednesday;Thursday;Friday;Saturday","Evening","Fried potatoes with egg sauce, stew;Fried rice;Jellof rice;Porridge beans, plain beans and stew with plantain;Semovita, poundo, eba with okra, egusi"
"2020/10/01 10:58:11 PM GMT+1","Lunch, Dinner","Female","Tuesday;Saturday","Evening","Jellof rice"
"2020/10/01 11:25:14 PM GMT+1","Breakfast, Lunch, Dinner.","Male","Sunday","Morning","Akara with pap, oat, custard"
"2020/10/01 11:36:33 PM GMT+1","Lunch, Dinner","Male","Sunday;Monday;Tuesday;Wednesday;Thursday;Friday;Saturday","Afternoon","Fried rice;Porridge beans, plain beans and stew with plantain;Semovita, poundo, eba with okra, egusi"
"2020/10/01 11:39:53 PM GMT+1","Lunch, Dinner","Female","Monday;Thursday;Saturday","Evening","Fried rice;Jellof rice;Plain rice with stew, gbadun;Semovita, poundo, eba with okra, egusi;Jellof spaghetti with boiled egg"
"2020/10/02 12:02:15 AM GMT+1","Breakfast, Lunch.","Female","Tuesday;Thursday","Afternoon","Fried rice;Jellof rice;Plain rice with stew, gbadun;Semovita, poundo, eba with okra, egusi;Moi moi with pap, oat, custard"
"2020/10/02 12:06:13 AM GMT+1","Lunch, Dinner","Female","Monday;Tuesday;Thursday;Friday;Saturday","Afternoon","Fried potatoes with egg sauce, stew;Jellof rice;Plain rice with stew, gbadun;Porridge beans, plain beans and stew with plantain;Semovita, poundo, eba with okra, egusi;Plain spaghetti and stew with boiled egg;Akara with pap, oat, custard;Moi moi with pap, oat, custard"
"2020/10/02 12:23:59 AM GMT+1","Lunch, Dinner","Female","Sunday;Monday;Tuesday;Wednesday;Thursday;Friday;Saturday","Evening","Porridge beans, plain beans and stew with plantain"
"2020/10/02 12:45:37 AM GMT+1","Lunch, Dinner","Male","Sunday;Monday;Tuesday;Thursday","Evening","Jellof rice;Plain rice with stew, gbadun;Semovita, poundo, eba with okra, egusi;Jellof spaghetti with boiled egg"
"2020/10/02 1:45:02 AM GMT+1","Breakfast, Dinner.","Female","Thursday;Friday;Saturday","Evening","Fried yam with egg sauce, stew;Akara with pap, oat, custard;Moi moi with pap, oat, custard"
"2020/10/02 2:50:41 AM GMT+1","Breakfast, Lunch.","Female","Monday;Thursday;Saturday","Afternoon","Plain rice with stew, gbadun;Plain spaghetti and stew with boiled egg;Akara with pap, oat, custard;Moi moi with pap, oat, custard"
"2020/10/02 4:18:13 AM GMT+1","Breakfast, Lunch, Dinner.","Female","Monday;Thursday;Friday;Saturday","Evening","Jellof rice"
"2020/10/02 5:52:22 AM GMT+1","Breakfast, Lunch, Dinner.","Female","Sunday;Monday;Tuesday;Wednesday;Thursday;Friday;Saturday","Afternoon","Fried yam with egg sauce, stew;Jellof rice;Plain rice with stew, gbadun;Semovita, poundo, eba with okra, egusi;Jellof spaghetti with boiled egg;Plain spaghetti and stew with boiled egg;Akara with pap, oat, custard"
"2020/10/02 6:58:07 AM GMT+1","Lunch, Dinner","Male","Sunday;Tuesday;Wednesday;Thursday;Saturday","Afternoon","Fried potatoes with egg sauce, stew;Fried yam with egg sauce, stew;Jellof rice;Plain rice with stew, gbadun;Porridge beans, plain beans and stew with plantain;Semovita, poundo, eba with okra, egusi;Plain spaghetti and stew with boiled egg"
"2020/10/02 7:12:49 AM GMT+1","Lunch, Dinner","Male","Sunday;Monday;Tuesday;Wednesday;Thursday;Friday;Saturday","Evening","Fried potatoes with egg sauce, stew;Fried rice;Jellof rice;Porridge beans, plain beans and stew with plantain;Semovita, poundo, eba with okra, egusi"
"2020/10/02 7:33:43 AM GMT+1","Lunch, Dinner","Female","Thursday","Evening","Jellof rice"
"2020/10/02 7:35:48 AM GMT+1","Lunch, Dinner","Female","Saturday","Afternoon","Jellof rice;Porridge beans, plain beans and stew with plantain;Semovita, poundo, eba with okra, egusi"
"2020/10/02 8:21:25 AM GMT+1","Breakfast, Lunch, Dinner.","Female","Thursday;Saturday","Afternoon","Fried yam with egg sauce, stew;Fried rice;Jellof rice;Plain rice with stew, gbadun;Semovita, poundo, eba with okra, egusi;Moi moi with pap, oat, custard"
"2020/10/02 8:43:09 AM GMT+1","Lunch, Dinner","Male","Saturday","Afternoon","Fried potatoes with egg sauce, stew"
"2020/10/02 8:47:19 AM GMT+1","Lunch, Dinner","Female","Saturday","Evening","Plain rice with stew, gbadun"
"2020/10/02 9:00:45 AM GMT+1","Breakfast, Lunch, Dinner.","Female","Monday;Friday;Saturday","Afternoon","Fried yam with egg sauce, stew;Fried rice;Jellof rice;Plain rice with stew, gbadun;Akara with pap, oat, custard;Moi moi with pap, oat, custard"
"2020/10/02 9:03:12 AM GMT+1","Lunch, Dinner","Female","Saturday","Evening","Fried potatoes with egg sauce, stew;Fried yam with egg sauce, stew;Fried rice;Jellof rice;Plain rice with stew, gbadun"
"2020/10/02 9:06:07 AM GMT+1","Lunch, Dinner","Male","Sunday;Wednesday;Friday","Afternoon","Porridge beans, plain beans and stew with plantain"
"2020/10/02 9:07:06 AM GMT+1","Lunch, Dinner","Male","Sunday;Monday;Tuesday;Wednesday;Thursday;Friday;Saturday","Evening","Plain rice with stew, gbadun;Semovita, poundo, eba with okra, egusi;Jellof spaghetti with boiled egg;Plain spaghetti and stew with boiled egg"
"2020/10/02 9:09:29 AM GMT+1","Lunch, Dinner","Male","Monday;Tuesday;Thursday;Saturday","Evening","Fried rice;Jellof rice;Plain rice with stew, gbadun;Semovita, poundo, eba with okra, egusi;Jellof spaghetti with boiled egg"
"2020/10/02 9:10:36 AM GMT+1","Lunch, Dinner","Male","Sunday;Tuesday;Thursday;Saturday","Afternoon","Moi moi with pap, oat, custard"
"2020/10/02 9:55:05 AM GMT+1","Lunch, Dinner","Female","Saturday","Evening","Semovita, poundo, eba with okra, egusi;Plain spaghetti and stew with boiled egg"
"2020/10/02 10:00:57 AM GMT+1","Lunch, Dinner","Female","Monday","Afternoon","Akara with pap, oat, custard"
"2020/10/02 1:06:34 PM GMT+1","Lunch, Dinner","Female","Monday;Tuesday;Thursday;Saturday","Evening","Jellof rice;Plain rice with stew, gbadun"
"2020/10/02 1:59:14 PM GMT+1","Breakfast, Lunch, Dinner.","Male","Tuesday;Thursday;Saturday","Evening","Jellof rice;Plain rice with stew, gbadun;Semovita, poundo, eba with okra, egusi;Plain spaghetti and stew with boiled egg;Akara with pap, oat, custard"
"2020/10/02 5:46:58 PM GMT+1","Breakfast, Lunch, Dinner.","Male","Monday;Thursday;Friday;Saturday","Afternoon","Fried potatoes with egg sauce, stew;Fried rice;Plain rice with stew, gbadun;Jellof spaghetti with boiled egg;Akara with pap, oat, custard"
"2020/10/02 6:02:29 PM GMT+1","Breakfast, Lunch, Dinner.","Male","Sunday;Tuesday;Friday;Saturday","Afternoon","Plain rice with stew, gbadun;Porridge beans, plain beans and stew with plantain;Akara with pap, oat, custard"
"2020/10/02 6:07:17 PM GMT+1","Lunch, Dinner","Male","Sunday;Monday;Wednesday;Friday;Saturday","Afternoon","Fried rice;Jellof rice;Porridge beans, plain beans and stew with plantain"
"2020/10/02 6:35:29 PM GMT+1","Lunch, Dinner","Female","Monday;Thursday;Friday;Saturday","Evening","Plain spaghetti and stew with boiled egg"
"2020/10/02 7:53:50 PM GMT+1","Breakfast, Dinner.","Female","Saturday","Evening","Fried yam with egg sauce, stew"
"2020/10/02 8:28:19 PM GMT+1","Lunch, Dinner","Female","Friday;Saturday","Afternoon","Fried potatoes with egg sauce, stew"
"2020/10/02 8:28:19 PM GMT+1","Lunch, Dinner","Male","Monday;Wednesday;Saturday","Evening","Fried potatoes with egg sauce, stew;Fried yam with egg sauce, stew;Jellof rice;Jellof spaghetti with boiled egg"
"2020/10/02 8:28:51 PM GMT+1","Lunch, Dinner","Male","Sunday;Wednesday;Friday","Afternoon","Fried potatoes with egg sauce, stew;Porridge beans, plain beans and stew with plantain;Jellof spaghetti with boiled egg;Akara with pap, oat, custard;Moi moi with pap, oat, custard"
"2020/10/02 8:30:18 PM GMT+1","Lunch, Dinner","Male","Sunday;Monday;Tuesday;Wednesday;Thursday;Friday;Saturday","Evening","Fried rice;Jellof rice;Plain rice with stew, gbadun;Porridge beans, plain beans and stew with plantain;Semovita, poundo, eba with okra, egusi;Jellof spaghetti with boiled egg"
"2020/10/02 8:32:40 PM GMT+1","Lunch, Dinner","Male","Sunday;Monday;Tuesday;Wednesday;Friday;Saturday","Evening","Fried rice;Jellof rice;Plain rice with stew, gbadun;Plain spaghetti and stew with boiled egg;Akara with pap, oat, custard"
"2020/10/02 9:09:12 PM GMT+1","Lunch, Dinner","Male","Sunday;Monday;Tuesday;Wednesday;Thursday;Friday;Saturday","Evening","Fried rice;Jellof rice;Plain rice with stew, gbadun;Semovita, poundo, eba with okra, egusi"
"2020/10/02 9:10:33 PM GMT+1","Breakfast, Lunch, Dinner.","Male","Sunday;Monday;Tuesday;Wednesday;Thursday;Friday;Saturday","Afternoon","Fried yam with egg sauce, stew"
"2020/10/02 9:21:40 PM GMT+1","Lunch, Dinner","Male","Saturday","Evening","Jellof rice"
"2020/10/02 9:34:06 PM GMT+1","Breakfast, Dinner.","Female","Sunday;Tuesday;Wednesday;Thursday;Friday;Saturday","Evening","Fried rice;Jellof rice;Plain rice with stew, gbadun;Plain spaghetti and stew with boiled egg;Akara with pap, oat, custard"
"2020/10/02 10:00:29 PM GMT+1","Lunch, Dinner","Male","Sunday;Saturday","Afternoon","Fried rice;Jellof rice;Plain rice with stew, gbadun;Semovita, poundo, eba with okra, egusi"
"2020/10/02 10:04:16 PM GMT+1","Lunch, Dinner","Male","Sunday;Friday;Saturday","Morning","Fried potatoes with egg sauce, stew;Fried yam with egg sauce, stew;Fried rice;Jellof rice;Plain rice with stew, gbadun;Semovita, poundo, eba with okra, egusi"
"2020/10/03 3:01:09 AM GMT+1","Lunch, Dinner","Male","Sunday;Wednesday;Friday","Afternoon","Fried potatoes with egg sauce, stew;Porridge beans, plain beans and stew with plantain;Jellof spaghetti with boiled egg;Akara with pap, oat, custard;Moi moi with pap, oat, custard"
"2020/10/03 8:31:06 AM GMT+1","Breakfast, Lunch, Dinner.","Male","Saturday","Morning","Akara with pap, oat, custard"
"2020/10/03 8:31:12 AM GMT+1","Breakfast, Lunch, Dinner.","Male","Saturday","Morning","Akara with pap, oat, custard"
"2020/10/03 8:31:19 AM GMT+1","Lunch, Dinner","Male","Saturday","Afternoon","Fried potatoes with egg sauce, stew"
"2020/10/03 8:31:27 AM GMT+1","Breakfast, Lunch.","Male","Sunday;Monday;Wednesday;Thursday","Evening","Fried potatoes with egg sauce, stew;Fried rice;Semovita, poundo, eba with okra, egusi;Jellof spaghetti with boiled egg;Moi moi with pap, oat, custard"
"2020/10/03 8:31:33 AM GMT+1","Lunch, Dinner","Male","Saturday","Evening","Porridge beans, plain beans and stew with plantain"
"2020/10/03 8:32:05 AM GMT+1","Lunch, Dinner","Male","Monday;Tuesday;Wednesday;Thursday;Saturday","Evening","Fried yam with egg sauce, stew;Jellof rice;Plain rice with stew, gbadun;Plain spaghetti and stew with boiled egg"
"2020/10/03 8:32:11 AM GMT+1","Lunch, Dinner","Male","Sunday","Afternoon","Jellof rice"
"2020/10/03 8:32:37 AM GMT+1","Lunch, Dinner","Male","Saturday","Evening","Jellof rice;Plain rice with stew, gbadun;Jellof spaghetti with boiled egg;Plain spaghetti and stew with boiled egg"
"2020/10/03 8:33:00 AM GMT+1","Lunch, Dinner","Male","Wednesday","Evening","Fried yam with egg sauce, stew"
"2020/10/03 8:33:20 AM GMT+1","Lunch, Dinner","Male","Sunday;Monday;Wednesday;Thursday;Friday;Saturday","Evening","Fried yam with egg sauce, stew;Plain rice with stew, gbadun;Semovita, poundo, eba with okra, egusi"
"2020/10/03 8:33:25 AM GMT+1","Lunch, Dinner","Male","Monday;Tuesday;Wednesday;Thursday;Saturday","Evening","Fried potatoes with egg sauce, stew;Fried rice;Jellof rice;Semovita, poundo, eba with okra, egusi;Jellof spaghetti with boiled egg;Moi moi with pap, oat, custard"
"2020/10/03 8:34:17 AM GMT+1","Lunch, Dinner","Female","Sunday;Monday;Wednesday;Friday;Saturday","Evening","Fried potatoes with egg sauce, stew;Fried rice;Jellof rice;Porridge yam, plain yam and stew;Porridge beans, plain beans and stew with plantain;Plain spaghetti and stew with boiled egg"
"2020/10/03 8:34:42 AM GMT+1","Lunch, Dinner","Male","Monday;Wednesday;Friday;Saturday","Afternoon","Jellof rice;Moi moi with pap, oat, custard"
"2020/10/03 8:35:19 AM GMT+1","Breakfast, Lunch.","Male","Saturday","Evening","Moi moi with pap, oat, custard"
"2020/10/03 8:35:21 AM GMT+1","Lunch, Dinner","Male","Sunday;Monday;Tuesday;Wednesday;Thursday;Friday;Saturday","Evening","Jellof rice;Semovita, poundo, eba with okra, egusi;Jellof spaghetti with boiled egg;Plain spaghetti and stew with boiled egg;Moi moi with pap, oat, custard"
"2020/10/03 8:37:14 AM GMT+1","Lunch, Dinner","Male","Sunday;Monday;Tuesday;Wednesday;Thursday;Friday;Saturday","Afternoon","Fried potatoes with egg sauce, stew;Fried yam with egg sauce, stew;Fried rice;Jellof rice;Plain rice with stew, gbadun"
"2020/10/03 8:39:38 AM GMT+1","Breakfast, Lunch, Dinner.","Male","Saturday","Morning","Jellof rice;Akara with pap, oat, custard"
"2020/10/03 8:40:02 AM GMT+1","Breakfast, Lunch, Dinner.","Male","Saturday","Afternoon","Fried yam with egg sauce, stew;Fried rice;Jellof rice;Semovita, poundo, eba with okra, egusi;Akara with pap, oat, custard;Moi moi with pap, oat, custard"
"2020/10/03 8:40:31 AM GMT+1","Breakfast, Lunch, Dinner.","Female","Saturday","Afternoon","Plain rice with stew, gbadun"
"2020/10/03 8:40:38 AM GMT+1","Lunch, Dinner","Male","Sunday;Monday;Tuesday;Wednesday;Thursday;Friday;Saturday","Evening","Jellof rice"
"2020/10/03 8:40:42 AM GMT+1","Lunch, Dinner","Male","Saturday","Evening","Jellof rice"
"2020/10/03 8:41:09 AM GMT+1","Lunch, Dinner","Male","Monday;Tuesday;Wednesday;Thursday;Saturday","Afternoon","Fried rice;Jellof rice;Plain rice with stew, gbadun;Semovita, poundo, eba with okra, egusi;Jellof spaghetti with boiled egg;Plain spaghetti and stew with boiled egg"
"2020/10/03 8:41:51 AM GMT+1","Lunch, Dinner","Male","Monday;Wednesday;Thursday;Saturday","Evening","Fried rice;Jellof rice;Plain rice with stew, gbadun;Semovita, poundo, eba with okra, egusi;Plain spaghetti and stew with boiled egg;Moi moi with pap, oat, custard"
"2020/10/03 8:42:08 AM GMT+1","Lunch, Dinner","Male","Monday;Wednesday;Saturday","Afternoon","Jellof rice;Plain rice with stew, gbadun;Semovita, poundo, eba with okra, egusi;Jellof spaghetti with boiled egg"
"2020/10/03 8:42:38 AM GMT+1","Lunch, Dinner","Male","Saturday","Afternoon","Jellof rice;Plain rice with stew, gbadun;Semovita, poundo, eba with okra, egusi;Jellof spaghetti with boiled egg"
"2020/10/03 8:44:02 AM GMT+1","Breakfast, Lunch, Dinner.","Male","Sunday;Tuesday;Wednesday;Thursday","Afternoon","Porridge beans, plain beans and stew with plantain"
"2020/10/03 8:44:45 AM GMT+1","Lunch, Dinner","Male","Sunday;Wednesday;Saturday","Evening","Fried potatoes with egg sauce, stew;Fried rice;Jellof rice;Plain rice with stew, gbadun;Plain spaghetti and stew with boiled egg"
"2020/10/03 8:44:48 AM GMT+1","Lunch, Dinner","Male","Wednesday;Thursday;Saturday","Evening","Fried rice;Jellof rice;Porridge beans, plain beans and stew with plantain;Semovita, poundo, eba with okra, egusi;Jellof spaghetti with boiled egg;Plain spaghetti and stew with boiled egg"
"2020/10/03 8:46:36 AM GMT+1","Lunch, Dinner","Male","Monday;Tuesday;Saturday","Afternoon","Fried potatoes with egg sauce, stew;Fried rice;Jellof rice;Plain rice with stew, gbadun;Porridge beans, plain beans and stew with plantain;Semovita, poundo, eba with okra, egusi;Jellof spaghetti with boiled egg;Plain spaghetti and stew with boiled egg;Akara with pap, oat, custard"
"2020/10/03 8:46:54 AM GMT+1","Lunch, Dinner","Female","Thursday","Evening","Fried rice;Plain rice with stew, gbadun"
"2020/10/03 8:46:58 AM GMT+1","Breakfast, Lunch, Dinner.","Male","Sunday;Monday;Wednesday;Saturday","Evening","Fried potatoes with egg sauce, stew;Porridge beans, plain beans and stew with plantain;Akara with pap, oat, custard"
"2020/10/03 8:47:09 AM GMT+1","Lunch, Dinner","Female","Thursday;Saturday","Evening","Jellof spaghetti with boiled egg"
"2020/10/03 8:47:38 AM GMT+1","Lunch, Dinner","Male","Tuesday;Thursday;Saturday","Afternoon","Fried potatoes with egg sauce, stew;Jellof rice;Plain rice with stew, gbadun"
"2020/10/03 8:47:59 AM GMT+1","Lunch, Dinner","Female","Monday;Thursday;Saturday","Afternoon","Fried rice;Plain rice with stew, gbadun"
"2020/10/03 8:48:22 AM GMT+1","Breakfast, Lunch, Dinner.","Male","Sunday;Tuesday;Thursday","Morning","Akara with pap, oat, custard"
"2020/10/03 8:48:56 AM GMT+1","Lunch, Dinner","Male","Sunday;Monday;Wednesday;Thursday;Saturday","Afternoon","Fried yam with egg sauce, stew;Fried rice;Jellof rice;Porridge beans, plain beans and stew with plantain;Semovita, poundo, eba with okra, egusi;Akara with pap, oat, custard"
"2020/10/03 8:49:02 AM GMT+1","Breakfast, Lunch, Dinner.","Male","Monday;Friday;Saturday","Evening","Fried potatoes with egg sauce, stew;Fried rice;Jellof rice;Porridge beans, plain beans and stew with plantain;Plain spaghetti and stew with boiled egg"
"2020/10/03 8:49:18 AM GMT+1","Lunch, Dinner","Male","Tuesday;Wednesday;Saturday","Evening","Jellof rice;Plain spaghetti and stew with boiled egg"
"2020/10/03 8:49:45 AM GMT+1","Lunch, Dinner","Female","Sunday;Monday;Tuesday;Wednesday;Thursday;Friday;Saturday","Evening","Fried potatoes with egg sauce, stew;Jellof rice;Plain rice with stew, gbadun;Porridge beans, plain beans and stew with plantain;Jellof spaghetti with boiled egg;Akara with pap, oat, custard"
"2020/10/03 8:51:31 AM GMT+1","Lunch, Dinner","Male","Saturday","Evening","Jellof rice"
"2020/10/03 8:51:48 AM GMT+1","Lunch, Dinner","Male","Sunday;Saturday","Evening","Fried potatoes with egg sauce, stew;Jellof rice;Plain rice with stew, gbadun;Plain spaghetti and stew with boiled egg"
"2020/10/03 8:52:12 AM GMT+1","Lunch, Dinner","Male","Tuesday;Wednesday;Thursday;Saturday","Evening","Jellof rice;Jellof spaghetti with boiled egg"
"2020/10/03 8:52:30 AM GMT+1","Breakfast, Lunch, Dinner.","Male","Monday","Morning","Fried yam with egg sauce, stew;Semovita, poundo, eba with okra, egusi;Akara with pap, oat, custard;Moi moi with pap, oat, custard"
"2020/10/03 8:53:07 AM GMT+1","Breakfast, Lunch.","Male","Thursday","Afternoon","Porridge beans, plain beans and stew with plantain"
"2020/10/03 8:54:10 AM GMT+1","Lunch, Dinner","Female","Monday;Wednesday;Saturday","Evening","Fried potatoes with egg sauce, stew;Fried rice;Jellof rice;Plain rice with stew, gbadun;Moi moi with pap, oat, custard"
"2020/10/03 8:54:50 AM GMT+1","Lunch, Dinner","Male","Saturday","Afternoon","Porridge beans, plain beans and stew with plantain"
"2020/10/03 8:55:09 AM GMT+1","Breakfast, Lunch, Dinner.","Female","Thursday","Morning","Akara with pap, oat, custard"
"2020/10/03 8:55:38 AM GMT+1","Lunch, Dinner","Female","Monday;Wednesday;Friday;Saturday","Evening","Fried potatoes with egg sauce, stew;Fried rice;Jellof rice;Porridge beans, plain beans and stew with plantain;Semovita, poundo, eba with okra, egusi;Jellof spaghetti with boiled egg"
"2020/10/03 8:58:49 AM GMT+1","Lunch, Dinner","Female","Sunday;Monday;Tuesday;Wednesday;Thursday;Friday;Saturday","Evening","Fried potatoes with egg sauce, stew;Jellof rice;Plain rice with stew, gbadun;Porridge beans, plain beans and stew with plantain;Jellof spaghetti with boiled egg;Akara with pap, oat, custard"
"2020/10/03 8:59:19 AM GMT+1","Lunch, Dinner","Female","Sunday","Afternoon","Plain rice with stew, gbadun;Porridge beans, plain beans and stew with plantain;Semovita, poundo, eba with okra, egusi;Akara with pap, oat, custard"
"2020/10/03 8:59:40 AM GMT+1","Lunch, Dinner","Female","Monday;Tuesday;Thursday;Saturday","Evening","Jellof rice;Plain rice with stew, gbadun;Semovita, poundo, eba with okra, egusi"
"2020/10/03 9:01:36 AM GMT+1","Lunch, Dinner","Male","Sunday;Monday;Tuesday;Wednesday;Thursday;Friday;Saturday","Afternoon","Jellof rice;Plain rice with stew, gbadun;Semovita, poundo, eba with okra, egusi;Jellof spaghetti with boiled egg"
"2020/10/03 9:01:56 AM GMT+1","Lunch, Dinner","Female","Sunday;Monday;Tuesday;Wednesday;Thursday;Saturday","Evening","Fried yam with egg sauce, stew;Jellof rice;Jellof spaghetti with boiled egg;Plain spaghetti and stew with boiled egg"
"2020/10/03 9:02:41 AM GMT+1","Lunch, Dinner","Male","Thursday","Afternoon","Fried potatoes with egg sauce, stew;Fried yam with egg sauce, stew;Fried rice;Jellof rice;Plain rice with stew, gbadun;Semovita, poundo, eba with okra, egusi"
"2020/10/03 9:02:50 AM GMT+1","Lunch, Dinner","Female","Saturday","Afternoon","Plain rice with stew, gbadun"
"2020/10/03 9:03:24 AM GMT+1","Breakfast, Dinner.","Female","Tuesday","Morning","Plain rice with stew, gbadun;Semovita, poundo, eba with okra, egusi;Akara with pap, oat, custard;Moi moi with pap, oat, custard"
"2020/10/03 9:03:42 AM GMT+1","Lunch, Dinner","Female","Tuesday;Thursday;Friday","Afternoon","Fried rice;Jellof rice;Porridge yam, plain yam and stew;Porridge beans, plain beans and stew with plantain;Semovita, poundo, eba with okra, egusi;Jellof spaghetti with boiled egg"
"2020/10/03 9:07:51 AM GMT+1","Lunch, Dinner","Female","Wednesday;Friday;Saturday","Afternoon","Porridge beans, plain beans and stew with plantain"
"2020/10/03 9:09:35 AM GMT+1","Lunch, Dinner","Male","Monday;Wednesday;Saturday","Evening","Jellof rice"
"2020/10/03 9:09:36 AM GMT+1","Lunch, Dinner","Female","Saturday","Afternoon","Fried potatoes with egg sauce, stew;Jellof rice"
"2020/10/03 9:13:07 AM GMT+1","Lunch, Dinner","Female","Thursday;Saturday","Evening","Jellof rice;Semovita, poundo, eba with okra, egusi"
"2020/10/03 9:13:59 AM GMT+1","Lunch, Dinner","Female","Tuesday;Thursday;Saturday","Evening","Porridge beans, plain beans and stew with plantain"
"2020/10/03 9:14:07 AM GMT+1","Lunch, Dinner","Male","Thursday","Evening","Fried rice;Jellof rice"
"2020/10/03 9:21:12 AM GMT+1","Breakfast, Lunch, Dinner.","Female","Monday;Tuesday;Wednesday;Thursday;Saturday","Evening","Plain rice with stew, gbadun"
"2020/10/03 9:22:00 AM GMT+1","Breakfast, Dinner.","Female","Sunday;Saturday","Evening","Fried rice;Jellof rice"
"2020/10/03 9:24:10 AM GMT+1","Lunch, Dinner","Female","Sunday;Monday;Thursday;Saturday","Evening","Jellof rice;Plain rice with stew, gbadun"
"2020/10/03 9:24:47 AM GMT+1","Lunch, Dinner","Female","Sunday;Monday;Thursday;Saturday","Evening","Jellof rice;Plain rice with stew, gbadun;Plain spaghetti and stew with boiled egg;Akara with pap, oat, custard"
"2020/10/03 9:30:59 AM GMT+1","Lunch, Dinner","Female","Saturday","Evening","Fried yam with egg sauce, stew"
"2020/10/03 9:31:25 AM GMT+1","Lunch, Dinner","Male","Tuesday","Evening","Plain rice with stew, gbadun"
"2020/10/03 9:34:03 AM GMT+1","Breakfast, Lunch, Dinner.","Female","Sunday;Monday;Tuesday;Wednesday;Thursday;Friday;Saturday","Evening","Fried rice;Jellof rice;Porridge beans, plain beans and stew with plantain;Semovita, poundo, eba with okra, egusi;Akara with pap, oat, custard;Moi moi with pap, oat, custard"
"2020/10/03 9:40:38 AM GMT+1","Lunch, Dinner","Male","Tuesday","Evening","Jellof spaghetti with boiled egg"
"2020/10/03 9:42:28 AM GMT+1","Lunch, Dinner","Female","Thursday;Saturday","Afternoon","Jellof rice;Plain rice with stew, gbadun;Porridge beans, plain beans and stew with plantain"
"2020/10/03 9:42:49 AM GMT+1","Lunch, Dinner","Male","Saturday","Afternoon","Jellof rice"
"2020/10/03 9:43:20 AM GMT+1","Lunch, Dinner","Male","Sunday;Monday;Tuesday;Thursday","Afternoon","Fried rice;Jellof rice;Plain rice with stew, gbadun;Semovita, poundo, eba with okra, egusi;Akara with pap, oat, custard;Moi moi with pap, oat, custard"
"2020/10/03 9:49:58 AM GMT+1","Lunch, Dinner","Female","Sunday;Saturday","Evening","Porridge beans, plain beans and stew with plantain"
"2020/10/03 9:50:01 AM GMT+1","Lunch, Dinner","Female","Saturday","Afternoon","Fried potatoes with egg sauce, stew;Jellof rice"
"2020/10/03 9:50:03 AM GMT+1","Lunch, Dinner","Male","Monday;Saturday","Afternoon","Jellof rice"
"2020/10/03 9:50:18 AM GMT+1","Lunch, Dinner","Male","Monday;Thursday;Saturday","Afternoon","Jellof rice;Plain rice with stew, gbadun;Semovita, poundo, eba with okra, egusi"
"2020/10/03 9:51:17 AM GMT+1","Breakfast, Dinner.","Female","Tuesday;Thursday;Saturday","Evening","Fried rice;Jellof rice;Akara with pap, oat, custard"
"2020/10/03 9:54:21 AM GMT+1","Breakfast, Lunch, Dinner.","Male","Sunday","Evening","Fried potatoes with egg sauce, stew;Fried yam with egg sauce, stew;Fried rice;Jellof rice;Plain rice with stew, gbadun;Semovita, poundo, eba with okra, egusi"
"2020/10/03 9:55:55 AM GMT+1","Lunch, Dinner","Male","Saturday","Evening","Jellof rice"
"2020/10/03 9:56:18 AM GMT+1","Lunch, Dinner","Male","Monday;Wednesday;Thursday;Friday;Saturday","Evening","Jellof rice;Plain rice with stew, gbadun;Jellof spaghetti with boiled egg;Plain spaghetti and stew with boiled egg"
"2020/10/03 9:56:56 AM GMT+1","Breakfast, Dinner.","Female","Sunday;Tuesday;Thursday;Friday;Saturday","Morning","Fried potatoes with egg sauce, stew;Fried rice;Jellof rice;Semovita, poundo, eba with okra, egusi;Akara with pap, oat, custard;Moi moi with pap, oat, custard"
"2020/10/03 9:57:39 AM GMT+1","Breakfast, Dinner.","Male","Sunday;Monday;Wednesday;Thursday;Saturday","Evening","Fried rice;Jellof rice;Plain rice with stew, gbadun;Akara with pap, oat, custard"
"2020/10/03 10:12:45 AM GMT+1","Lunch, Dinner","Male","Monday;Tuesday;Thursday;Saturday","Evening","Jellof rice;Plain rice with stew, gbadun"
"2020/10/03 10:17:21 AM GMT+1","Lunch, Dinner","Male","Sunday;Monday;Tuesday;Wednesday;Thursday;Friday;Saturday","Evening","Fried potatoes with egg sauce, stew;Fried yam with egg sauce, stew;Fried rice;Jellof rice;Plain rice with stew, gbadun;Porridge beans, plain beans and stew with plantain;Semovita, poundo, eba with okra, egusi;Plain spaghetti and stew with boiled egg;Akara with pap, oat, custard;Moi moi with pap, oat, custard"
"2020/10/03 10:22:25 AM GMT+1","Breakfast, Dinner.","Female","Sunday;Thursday","Morning","Akara with pap, oat, custard;Moi moi with pap, oat, custard"
"2020/10/03 10:22:54 AM GMT+1","Breakfast, Dinner.","Female","Sunday;Thursday","Morning","Akara with pap, oat, custard;Moi moi with pap, oat, custard"
"2020/10/03 10:24:57 AM GMT+1","Lunch, Dinner","Female","Saturday","Afternoon","Fried potatoes with egg sauce, stew;Jellof rice"
"2020/10/03 10:25:45 AM GMT+1","Breakfast, Lunch, Dinner.","Male","Sunday;Monday;Wednesday;Thursday;Saturday","Morning","Fried potatoes with egg sauce, stew;Fried rice;Jellof rice;Plain rice with stew, gbadun;Akara with pap, oat, custard;Moi moi with pap, oat, custard"
"2020/10/03 10:27:02 AM GMT+1","Lunch, Dinner","Male","Sunday;Tuesday;Wednesday;Thursday;Saturday","Evening","Jellof rice;Semovita, poundo, eba with okra, egusi;Jellof spaghetti with boiled egg"
"2020/10/03 10:28:13 AM GMT+1","Lunch, Dinner","Male","Saturday","Afternoon","Fried potatoes with egg sauce, stew;Fried rice;Jellof rice;Plain rice with stew, gbadun;Jellof spaghetti with boiled egg"
"2020/10/03 10:31:06 AM GMT+1","Breakfast, Dinner.","Female","Sunday;Tuesday;Thursday;Saturday","Evening","Fried potatoes with egg sauce, stew;Fried rice;Jellof rice;Plain rice with stew, gbadun;Jellof spaghetti with boiled egg;Akara with pap, oat, custard"
"2020/10/03 10:34:08 AM GMT+1","Lunch, Dinner","Female","Wednesday","Evening","Fried rice"
"2020/10/03 10:42:49 AM GMT+1","Lunch, Dinner","Female","Saturday","Evening","Jellof rice"
"2020/10/03 10:45:55 AM GMT+1","Lunch, Dinner","Female","Monday;Tuesday;Thursday;Friday;Saturday","Evening","Fried rice;Jellof rice;Plain rice with stew, gbadun;Semovita, poundo, eba with okra, egusi;Plain spaghetti and stew with boiled egg;Akara with pap, oat, custard"
"2020/10/03 10:46:08 AM GMT+1","Lunch, Dinner","Female","Sunday;Tuesday;Thursday","Evening","Fried rice;Jellof rice;Plain spaghetti and stew with boiled egg"
"2020/10/03 10:48:43 AM GMT+1","Lunch, Dinner","Male","Sunday;Wednesday;Thursday;Friday;Saturday","Evening","Fried yam with egg sauce, stew;Fried rice;Jellof rice;Plain rice with stew, gbadun;Porridge beans, plain beans and stew with plantain;Semovita, poundo, eba with okra, egusi;Jellof spaghetti with boiled egg;Akara with pap, oat, custard;Moi moi with pap, oat, custard"
"2020/10/03 10:49:06 AM GMT+1","Breakfast, Lunch, Dinner.","Female","Saturday","Afternoon","Jellof spaghetti with boiled egg"
"2020/10/03 10:49:32 AM GMT+1","Lunch, Dinner","Female","Monday;Wednesday;Friday;Saturday","Evening","Jellof rice"
"2020/10/03 10:51:01 AM GMT+1","Breakfast, Lunch, Dinner.","Male","Sunday;Monday;Wednesday;Thursday;Friday;Saturday","Afternoon","Fried rice;Jellof rice;Plain rice with stew, gbadun;Semovita, poundo, eba with okra, egusi;Akara with pap, oat, custard"
"2020/10/03 10:51:08 AM GMT+1","Breakfast, Lunch, Dinner.","Female","Sunday;Wednesday;Friday;Saturday","Evening","Fried potatoes with egg sauce, stew;Jellof rice;Plain rice with stew, gbadun;Porridge beans, plain beans and stew with plantain;Semovita, poundo, eba with okra, egusi;Akara with pap, oat, custard;Moi moi with pap, oat, custard"
"2020/10/03 10:57:03 AM GMT+1","Breakfast, Lunch, Dinner.","Female","Sunday;Monday;Tuesday;Wednesday;Thursday;Friday;Saturday","Evening","Fried rice;Jellof rice;Plain rice with stew, gbadun;Semovita, poundo, eba with okra, egusi;Plain spaghetti and stew with boiled egg;Moi moi with pap, oat, custard"
"2020/10/03 10:59:09 AM GMT+1","Lunch, Dinner","Female","Monday;Tuesday;Thursday","Afternoon","Plain rice with stew, gbadun;Semovita, poundo, eba with okra, egusi"
"2020/10/03 10:59:54 AM GMT+1","Lunch, Dinner","Male","Sunday;Tuesday;Wednesday;Saturday","Evening","Fried potatoes with egg sauce, stew;Jellof rice;Jellof spaghetti with boiled egg;Plain spaghetti and stew with boiled egg;Akara with pap, oat, custard"
"2020/10/03 11:03:34 AM GMT+1","Breakfast, Lunch, Dinner.","Female","Sunday;Monday;Tuesday;Wednesday;Thursday;Friday;Saturday","Evening","Fried rice;Jellof rice;Porridge yam, plain yam and stew;Porridge beans, plain beans and stew with plantain;Jellof spaghetti with boiled egg;Akara with pap, oat, custard"
"2020/10/03 11:05:59 AM GMT+1","Breakfast, Lunch, Dinner.","Male","Sunday;Friday;Saturday","Afternoon","Fried rice"
"2020/10/03 11:13:35 AM GMT+1","Lunch, Dinner","Male","Saturday","Evening","Plain rice with stew, gbadun"
"2020/10/03 11:17:17 AM GMT+1","Breakfast, Dinner.","Female","Monday;Tuesday;Saturday","Morning","Fried yam with egg sauce, stew;Jellof rice;Plain rice with stew, gbadun;Moi moi with pap, oat, custard"
"2020/10/03 11:19:33 AM GMT+1","Lunch, Dinner","Male","Sunday;Wednesday;Thursday;Saturday","Evening","Fried potatoes with egg sauce, stew;Jellof rice;Porridge beans, plain beans and stew with plantain"
"2020/10/03 11:19:37 AM GMT+1","Lunch, Dinner","Male","Saturday","Evening","Fried yam with egg sauce, stew"
"2020/10/03 11:21:56 AM GMT+1","Lunch, Dinner","Female","Monday;Thursday;Saturday","Evening","Fried rice;Jellof rice;Semovita, poundo, eba with okra, egusi;Moi moi with pap, oat, custard"
"2020/10/03 11:24:17 AM GMT+1","Lunch, Dinner","Male","Sunday;Saturday","Evening","Fried rice;Jellof rice;Plain rice with stew, gbadun;Porridge beans, plain beans and stew with plantain;Plain spaghetti and stew with boiled egg"
"2020/10/03 11:24:40 AM GMT+1","Lunch, Dinner","Female","Monday;Tuesday;Thursday","Afternoon","Plain rice with stew, gbadun;Semovita, poundo, eba with okra, egusi"
"2020/10/03 11:26:52 AM GMT+1","Lunch, Dinner","Female","Sunday;Monday;Friday;Saturday","Afternoon","Plain rice with stew, gbadun;Porridge beans, plain beans and stew with plantain;Akara with pap, oat, custard"
"2020/10/03 11:28:28 AM GMT+1","Lunch, Dinner","Female","Monday;Tuesday;Thursday;Saturday","Afternoon","Fried potatoes with egg sauce, stew;Plain rice with stew, gbadun;Porridge beans, plain beans and stew with plantain;Akara with pap, oat, custard"
"2020/10/03 11:30:02 AM GMT+1","Breakfast, Lunch, Dinner.","Male","Saturday","Afternoon","Fried rice;Jellof rice"
"2020/10/03 11:30:10 AM GMT+1","Lunch, Dinner","Male","Tuesday;Thursday;Saturday","Afternoon","Fried yam with egg sauce, stew;Fried rice;Jellof rice;Plain rice with stew, gbadun;Porridge beans, plain beans and stew with plantain;Semovita, poundo, eba with okra, egusi;Jellof spaghetti with boiled egg;Plain spaghetti and stew with boiled egg;Akara with pap, oat, custard"
"2020/10/03 11:32:28 AM GMT+1","Lunch, Dinner","Female","Sunday;Monday;Tuesday;Wednesday;Thursday;Friday;Saturday","Evening","Fried potatoes with egg sauce, stew;Fried rice;Plain rice with stew, gbadun;Porridge beans, plain beans and stew with plantain;Moi moi with pap, oat, custard"
"2020/10/03 11:37:26 AM GMT+1","Lunch, Dinner","Male","Monday;Tuesday;Wednesday;Saturday","Evening","Fried rice;Jellof rice"
"2020/10/03 11:39:50 AM GMT+1","Lunch, Dinner","Male","Saturday","Evening","Fried rice;Jellof rice;Plain rice with stew, gbadun"
"2020/10/03 11:41:49 AM GMT+1","Lunch, Dinner","Male","Sunday;Monday;Tuesday;Wednesday;Thursday;Friday;Saturday","Afternoon","Jellof rice"
"2020/10/03 11:44:21 AM GMT+1","Lunch, Dinner","Female","Saturday","Afternoon","Plain rice with stew, gbadun"
"2020/10/03 11:44:44 AM GMT+1","Lunch, Dinner","Male","Tuesday;Wednesday;Thursday;Friday;Saturday","Evening","Jellof rice;Plain rice with stew, gbadun;Porridge beans, plain beans and stew with plantain;Plain spaghetti and stew with boiled egg"
"2020/10/03 11:45:52 AM GMT+1","Lunch, Dinner","Male","Sunday;Tuesday;Wednesday;Thursday;Saturday","Evening","Fried potatoes with egg sauce, stew;Fried rice;Jellof rice"
"2020/10/03 11:48:53 AM GMT+1","Breakfast, Lunch, Dinner.","Female","Saturday","Evening","Jellof rice"
"2020/10/03 11:49:20 AM GMT+1","Lunch, Dinner","Female","Monday;Thursday;Saturday","Afternoon","Fried potatoes with egg sauce, stew;Plain rice with stew, gbadun"
"2020/10/03 11:49:29 AM GMT+1","Breakfast, Lunch, Dinner.","Male","Sunday;Tuesday;Thursday","Morning","Fried potatoes with egg sauce, stew;Fried yam with egg sauce, stew;Fried rice;Jellof rice;Jellof spaghetti with boiled egg;Akara with pap, oat, custard"
"2020/10/03 11:50:18 AM GMT+1","Lunch, Dinner","Female","Monday;Thursday;Saturday","Afternoon","Fried potatoes with egg sauce, stew;Plain rice with stew, gbadun"
"2020/10/03 11:50:47 AM GMT+1","Lunch, Dinner","Male","Sunday;Monday;Tuesday;Wednesday;Thursday;Friday;Saturday","Afternoon","Fried yam with egg sauce, stew;Fried rice;Jellof rice;Semovita, poundo, eba with okra, egusi"
"2020/10/03 11:53:29 AM GMT+1","Lunch, Dinner","Male","Thursday","Evening","Fried potatoes with egg sauce, stew"
"2020/10/03 11:53:39 AM GMT+1","Lunch, Dinner","Male","Sunday;Monday;Tuesday;Thursday;Saturday","Evening","Fried potatoes with egg sauce, stew"
"2020/10/03 11:54:11 AM GMT+1","Lunch, Dinner","Male","Sunday;Wednesday;Saturday","Afternoon","Porridge beans, plain beans and stew with plantain"
"2020/10/03 11:58:27 AM GMT+1","Lunch, Dinner","Female","Saturday","Evening","Fried potatoes with egg sauce, stew;Fried yam with egg sauce, stew;Fried rice;Jellof rice"
"2020/10/03 11:58:38 AM GMT+1","Lunch, Dinner","Male","Monday;Tuesday;Thursday;Saturday","Evening","Plain spaghetti and stew with boiled egg"
"2020/10/03 11:59:42 AM GMT+1","Breakfast, Lunch, Dinner.","Male","Saturday","Evening","Jellof rice"
"2020/10/03 12:01:40 PM GMT+1","Lunch, Dinner","Male","Thursday","Evening","Fried potatoes with egg sauce, stew"
"2020/10/03 12:03:10 PM GMT+1","Breakfast, Lunch, Dinner.","Female","Thursday","Evening","Fried rice"
"2020/10/03 12:12:20 PM GMT+1","Lunch, Dinner","Female","Thursday;Friday","Evening","Jellof rice"
"2020/10/03 12:17:28 PM GMT+1","Lunch, Dinner","Male","Sunday","Evening","Jellof rice;Jellof spaghetti with boiled egg"
"2020/10/03 12:18:30 PM GMT+1","Breakfast, Lunch, Dinner.","Male","Monday;Saturday","Evening","Fried rice;Plain rice with stew, gbadun;Moi moi with pap, oat, custard"
"2020/10/03 12:26:24 PM GMT+1","Lunch, Dinner","Female","Monday;Wednesday;Friday;Saturday","Afternoon","Jellof rice;Plain rice with stew, gbadun;Porridge beans, plain beans and stew with plantain"
"2020/10/03 12:31:04 PM GMT+1","Lunch, Dinner","Male","Tuesday;Thursday;Saturday","Afternoon","Fried potatoes with egg sauce, stew;Jellof rice;Plain rice with stew, gbadun"
"2020/10/03 12:32:47 PM GMT+1","Lunch, Dinner","Female","Sunday;Monday;Tuesday;Wednesday;Thursday;Friday;Saturday","Evening","Fried potatoes with egg sauce, stew;Jellof rice;Plain rice with stew, gbadun;Porridge beans, plain beans and stew with plantain;Jellof spaghetti with boiled egg;Akara with pap, oat, custard"
"2020/10/03 12:33:31 PM GMT+1","Lunch, Dinner","Male","Tuesday;Friday;Saturday","Evening","Fried yam with egg sauce, stew;Fried rice;Jellof rice;Plain rice with stew, gbadun;Porridge yam, plain yam and stew"
"2020/10/03 12:34:22 PM GMT+1","Lunch, Dinner","Male","Wednesday;Saturday","Evening","Fried potatoes with egg sauce, stew"
"2020/10/03 12:39:04 PM GMT+1","Breakfast, Lunch, Dinner.","Male","Sunday","Evening","Fried potatoes with egg sauce, stew;Fried yam with egg sauce, stew;Fried rice;Jellof rice;Plain rice with stew, gbadun;Semovita, poundo, eba with okra, egusi"
"2020/10/03 12:44:50 PM GMT+1","Breakfast, Lunch, Dinner.","Female","Saturday","Afternoon","Porridge yam, plain yam and stew"
"2020/10/03 12:54:42 PM GMT+1","Lunch, Dinner","Female","Sunday;Monday;Thursday","Evening","Fried rice;Jellof rice;Jellof spaghetti with boiled egg;Plain spaghetti and stew with boiled egg"
"2020/10/03 12:56:29 PM GMT+1","Lunch, Dinner","Female","Saturday","Evening","Akara with pap, oat, custard"
"2020/10/03 12:58:12 PM GMT+1","Lunch, Dinner","Male","Thursday;Saturday","Evening","Jellof rice"
"2020/10/03 1:00:40 PM GMT+1","Lunch, Dinner","Female","Sunday;Monday;Wednesday;Saturday","Afternoon","Fried yam with egg sauce, stew;Fried rice;Jellof rice;Porridge beans, plain beans and stew with plantain;Akara with pap, oat, custard;Moi moi with pap, oat, custard"
"2020/10/03 1:01:43 PM GMT+1","Lunch, Dinner","Male","Monday;Wednesday;Friday;Saturday","Evening","Fried potatoes with egg sauce, stew;Fried yam with egg sauce, stew;Fried rice;Plain rice with stew, gbadun"
"2020/10/03 1:06:42 PM GMT+1","Lunch, Dinner","Female","Monday;Wednesday;Thursday;Saturday","Evening","Jellof rice;Plain rice with stew, gbadun;Porridge beans, plain beans and stew with plantain;Jellof spaghetti with boiled egg;Akara with pap, oat, custard"
"2020/10/03 1:22:26 PM GMT+1","Lunch, Dinner","Female","Monday;Thursday;Friday;Saturday","Evening","Fried potatoes with egg sauce, stew;Fried rice;Jellof rice;Plain rice with stew, gbadun;Akara with pap, oat, custard;Moi moi with pap, oat, custard"
"2020/10/03 1:26:52 PM GMT+1","Lunch, Dinner","Male","Sunday;Monday;Tuesday;Thursday","Afternoon","Jellof rice;Plain rice with stew, gbadun"
"2020/10/03 1:27:03 PM GMT+1","Lunch, Dinner","Male","Saturday","Evening","Fried rice;Jellof rice;Plain rice with stew, gbadun;Porridge beans, plain beans and stew with plantain;Jellof spaghetti with boiled egg;Plain spaghetti and stew with boiled egg"
"2020/10/03 1:32:14 PM GMT+1","Lunch, Dinner","Male","Sunday;Monday;Saturday","Evening","Fried rice;Jellof rice"
"2020/10/03 1:34:35 PM GMT+1","Lunch, Dinner","Female","Sunday;Monday;Friday;Saturday","Afternoon","Plain rice with stew, gbadun;Porridge beans, plain beans and stew with plantain;Akara with pap, oat, custard"
"2020/10/03 1:35:02 PM GMT+1","Lunch, Dinner","Male","Thursday;Saturday","Evening","Jellof rice"
"2020/10/03 1:38:41 PM GMT+1","Breakfast, Lunch.","Male","Saturday","Evening","Moi moi with pap, oat, custard"
"2020/10/03 1:53:53 PM GMT+1","Lunch, Dinner","Female","Monday;Thursday;Friday;Saturday","Evening","Fried potatoes with egg sauce, stew;Fried rice;Jellof rice;Plain rice with stew, gbadun;Akara with pap, oat, custard;Moi moi with pap, oat, custard"
"2020/10/03 1:56:54 PM GMT+1","Lunch, Dinner","Female","Monday;Thursday;Friday;Saturday","Evening","Fried potatoes with egg sauce, stew;Fried rice;Jellof rice;Plain rice with stew, gbadun;Akara with pap, oat, custard;Moi moi with pap, oat, custard"
"2020/10/03 2:21:43 PM GMT+1","Lunch, Dinner","Female","Sunday;Monday;Tuesday;Wednesday;Thursday;Friday;Saturday","Afternoon","Fried potatoes with egg sauce, stew;Fried yam with egg sauce, stew;Fried rice;Jellof rice;Plain rice with stew, gbadun;Porridge yam, plain yam and stew;Porridge beans, plain beans and stew with plantain;Semovita, poundo, eba with okra, egusi;Jellof spaghetti with boiled egg;Plain spaghetti and stew with boiled egg;Akara with pap, oat, custard;Moi moi with pap, oat, custard"
"2020/10/03 2:21:46 PM GMT+1","Lunch, Dinner","Female","Wednesday","Evening","Jellof rice;Plain rice with stew, gbadun;Porridge beans, plain beans and stew with plantain"
"2020/10/03 2:29:35 PM GMT+1","Lunch, Dinner","Male","Sunday;Monday;Tuesday;Wednesday;Thursday;Friday;Saturday","Evening","Fried yam with egg sauce, stew;Fried rice;Porridge beans, plain beans and stew with plantain;Jellof spaghetti with boiled egg;Plain spaghetti and stew with boiled egg"
"2020/10/03 2:29:35 PM GMT+1","Breakfast, Lunch, Dinner.","Male","Sunday;Monday;Tuesday;Wednesday;Thursday;Saturday","Afternoon","Fried potatoes with egg sauce, stew;Fried yam with egg sauce, stew;Fried rice;Jellof rice;Jellof spaghetti with boiled egg;Plain spaghetti and stew with boiled egg;Akara with pap, oat, custard;Moi moi with pap, oat, custard"
"2020/10/03 2:47:39 PM GMT+1","Lunch, Dinner","Male","Tuesday;Thursday;Saturday","Afternoon","Fried potatoes with egg sauce, stew;Fried rice;Jellof rice;Plain rice with stew, gbadun;Semovita, poundo, eba with okra, egusi;Jellof spaghetti with boiled egg;Akara with pap, oat, custard"
"2020/10/03 2:47:53 PM GMT+1","Lunch, Dinner","Male","Monday;Tuesday;Thursday;Saturday","Afternoon","Fried rice"
"2020/10/03 2:47:57 PM GMT+1","Lunch, Dinner","Male","Monday;Tuesday;Wednesday;Thursday;Saturday","Afternoon","Fried potatoes with egg sauce, stew;Jellof rice;Plain rice with stew, gbadun;Jellof spaghetti with boiled egg"
"2020/10/03 2:49:23 PM GMT+1","Lunch, Dinner","Male","Sunday;Wednesday;Saturday","Afternoon","Fried potatoes with egg sauce, stew"
"2020/10/03 2:50:22 PM GMT+1","Lunch, Dinner","Female","Saturday","Evening","Fried potatoes with egg sauce, stew"
"2020/10/03 2:50:27 PM GMT+1","Breakfast, Lunch, Dinner.","Female","Sunday;Tuesday;Thursday;Saturday","Afternoon","Fried potatoes with egg sauce, stew;Plain rice with stew, gbadun;Porridge beans, plain beans and stew with plantain;Akara with pap, oat, custard;Moi moi with pap, oat, custard"
"2020/10/03 2:52:53 PM GMT+1","Lunch, Dinner","Male","Sunday;Monday","Afternoon","Fried yam with egg sauce, stew;Fried rice;Jellof rice;Plain rice with stew, gbadun;Jellof spaghetti with boiled egg;Plain spaghetti and stew with boiled egg"
"2020/10/03 3:05:41 PM GMT+1","Breakfast, Dinner.","Female","Sunday;Monday;Wednesday;Friday;Saturday","Afternoon","Porridge beans, plain beans and stew with plantain;Semovita, poundo, eba with okra, egusi;Akara with pap, oat, custard;Moi moi with pap, oat, custard"
"2020/10/03 3:10:36 PM GMT+1","Breakfast, Lunch, Dinner.","Male","Friday;Saturday","Evening","Jellof rice;Porridge beans, plain beans and stew with plantain;Akara with pap, oat, custard;Moi moi with pap, oat, custard"
"2020/10/03 3:16:23 PM GMT+1","Breakfast, Dinner.","Female","Sunday;Tuesday;Wednesday;Thursday;Friday;Saturday","Evening","Fried rice;Jellof rice;Plain rice with stew, gbadun;Porridge yam, plain yam and stew;Porridge beans, plain beans and stew with plantain;Semovita, poundo, eba with okra, egusi;Jellof spaghetti with boiled egg;Akara with pap, oat, custard;Moi moi with pap, oat, custard"
"2020/10/03 3:17:39 PM GMT+1","Lunch, Dinner","Male","Tuesday","Evening","Semovita, poundo, eba with okra, egusi"
"2020/10/03 3:22:55 PM GMT+1","Lunch, Dinner","Male","Sunday;Monday;Tuesday;Wednesday;Thursday;Friday;Saturday","Afternoon","Plain rice with stew, gbadun;Porridge beans, plain beans and stew with plantain;Semovita, poundo, eba with okra, egusi"
"2020/10/03 3:40:37 PM GMT+1","Lunch, Dinner","Male","Saturday","Afternoon","Fried rice"
"2020/10/03 4:04:14 PM GMT+1","Lunch, Dinner","Female","Saturday","Evening","Fried yam with egg sauce, stew"
"2020/10/03 4:05:04 PM GMT+1","Lunch, Dinner","Male","Saturday","Afternoon","Fried rice"
"2020/10/03 4:29:38 PM GMT+1","Breakfast, Lunch, Dinner.","Female","Thursday","Evening","Fried rice"
"2020/10/03 4:42:12 PM GMT+1","Lunch, Dinner","Male","Friday;Saturday","Evening","Fried potatoes with egg sauce, stew;Jellof rice;Porridge beans, plain beans and stew with plantain"
"2020/10/03 5:03:39 PM GMT+1","Lunch, Dinner","Male","Tuesday;Thursday;Saturday","Afternoon","Fried rice;Jellof rice;Porridge yam, plain yam and stew;Porridge beans, plain beans and stew with plantain;Jellof spaghetti with boiled egg"
"2020/10/03 5:06:48 PM GMT+1","Lunch, Dinner","Male","Wednesday;Friday;Saturday","Evening","Jellof spaghetti with boiled egg"
"2020/10/03 5:58:50 PM GMT+1","Lunch, Dinner","Female","Monday;Tuesday;Thursday;Saturday","Afternoon","Fried potatoes with egg sauce, stew;Plain rice with stew, gbadun;Porridge beans, plain beans and stew with plantain;Akara with pap, oat, custard"
"2020/10/03 6:02:47 PM GMT+1","Lunch, Dinner","Male","Wednesday;Saturday","Afternoon","Plain rice with stew, gbadun"
"2020/10/03 6:19:04 PM GMT+1","Breakfast, Lunch, Dinner.","Male","Sunday;Monday;Wednesday;Thursday;Friday;Saturday","Afternoon","Fried rice;Jellof rice;Plain rice with stew, gbadun;Semovita, poundo, eba with okra, egusi;Akara with pap, oat, custard"
"2020/10/03 6:33:04 PM GMT+1","Lunch, Dinner","Male","Saturday","Evening","Jellof spaghetti with boiled egg"
"2020/10/03 7:11:18 PM GMT+1","Lunch, Dinner","Male","Monday;Tuesday;Thursday;Saturday","Afternoon","Porridge beans, plain beans and stew with plantain"
"2020/10/03 7:13:30 PM GMT+1","Lunch, Dinner","Female","Sunday;Monday;Tuesday","Evening","Plain rice with stew, gbadun"
"2020/10/03 7:14:11 PM GMT+1","Lunch, Dinner","Female","Sunday;Monday;Wednesday;Thursday","Evening","Fried rice;Jellof rice;Plain rice with stew, gbadun"
"2020/10/03 7:17:18 PM GMT+1","Breakfast, Dinner.","Male","Friday","Evening","Porridge beans, plain beans and stew with plantain"
"2020/10/03 7:17:57 PM GMT+1","Lunch, Dinner","Male","Tuesday;Wednesday;Thursday;Saturday","Evening","Fried rice;Plain rice with stew, gbadun;Porridge beans, plain beans and stew with plantain;Semovita, poundo, eba with okra, egusi;Jellof spaghetti with boiled egg;Plain spaghetti and stew with boiled egg"
"2020/10/03 7:20:18 PM GMT+1","Lunch, Dinner","Female","Sunday;Monday;Tuesday;Wednesday;Thursday;Saturday","Evening","Fried rice;Jellof rice;Plain rice with stew, gbadun;Porridge yam, plain yam and stew;Plain spaghetti and stew with boiled egg;Akara with pap, oat, custard;Moi moi with pap, oat, custard"
"2020/10/03 7:21:47 PM GMT+1","Lunch, Dinner","Male","Monday;Friday;Saturday","Evening","Fried yam with egg sauce, stew;Fried rice"
"2020/10/03 7:21:58 PM GMT+1","Breakfast, Lunch, Dinner.","Female","Saturday","Afternoon","Jellof rice"
"2020/10/03 7:23:42 PM GMT+1","Lunch, Dinner","Male","Monday;Thursday;Friday","Afternoon","Jellof rice;Plain spaghetti and stew with boiled egg"
"2020/10/03 7:25:46 PM GMT+1","Lunch, Dinner","Male","Saturday","Evening","Fried potatoes with egg sauce, stew"
"2020/10/03 8:14:32 PM GMT+1","Lunch, Dinner","Male","Tuesday;Thursday","Evening","Fried yam with egg sauce, stew;Plain rice with stew, gbadun;Semovita, poundo, eba with okra, egusi;Moi moi with pap, oat, custard"
"2020/10/03 8:32:23 PM GMT+1","Breakfast, Lunch, Dinner.","Female","Saturday","Afternoon","Jellof rice"
"2020/10/03 8:41:56 PM GMT+1","Lunch, Dinner","Male","Sunday;Tuesday;Wednesday;Thursday;Saturday","Evening","Fried rice;Jellof rice;Plain rice with stew, gbadun;Jellof spaghetti with boiled egg"
"2020/10/03 8:47:06 PM GMT+1","Lunch, Dinner","Male","Saturday","Evening","Jellof rice;Plain rice with stew, gbadun;Jellof spaghetti with boiled egg;Plain spaghetti and stew with boiled egg"
"2020/10/03 11:43:38 PM GMT+1","Lunch, Dinner","Male","Wednesday;Friday;Saturday","Evening","Jellof spaghetti with boiled egg"
"2020/10/04 12:00:08 AM GMT+1","Lunch, Dinner","Female","Saturday","Evening","Plain rice with stew, gbadun"
"2020/10/04 12:01:29 AM GMT+1","Lunch, Dinner","Male","Monday;Wednesday;Thursday;Saturday","Evening","Fried rice;Jellof rice;Plain rice with stew, gbadun;Semovita, poundo, eba with okra, egusi;Plain spaghetti and stew with boiled egg;Moi moi with pap, oat, custard"
"2020/10/04 1:41:55 AM GMT+1","Lunch, Dinner","Male","Sunday;Monday;Tuesday;Wednesday;Thursday;Friday;Saturday","Evening","Jellof rice"
"2020/10/04 1:52:37 AM GMT+1","Lunch, Dinner","Male","Saturday","Evening","Jellof rice;Plain rice with stew, gbadun;Jellof spaghetti with boiled egg;Plain spaghetti and stew with boiled egg"
"2020/10/04 5:04:16 AM GMT+1","Lunch, Dinner","Female","Tuesday;Wednesday;Thursday;Saturday","Evening","Fried yam with egg sauce, stew"
"2020/10/04 8:54:16 AM GMT+1","Lunch, Dinner","Male","Saturday","Evening","Jellof rice;Plain rice with stew, gbadun;Jellof spaghetti with boiled egg;Plain spaghetti and stew with boiled egg"
"2020/10/04 11:15:28 AM GMT+1","Lunch, Dinner","Female","Sunday;Monday;Tuesday;Wednesday;Thursday;Friday;Saturday","Evening","Fried potatoes with egg sauce, stew;Fried yam with egg sauce, stew;Fried rice;Jellof rice;Plain rice with stew, gbadun;Porridge beans, plain beans and stew with plantain;Akara with pap, oat, custard;Moi moi with pap, oat, custard"
"2020/10/04 1:50:45 PM GMT+1","Lunch, Dinner","Male","Saturday","Evening","Jellof rice"
"2020/10/04 1:56:43 PM GMT+1","Lunch, Dinner","Male","Saturday","Afternoon","Semovita, poundo, eba with okra, egusi"
"2020/10/04 2:17:40 PM GMT+1","Lunch, Dinner","Male","Sunday;Monday;Wednesday;Saturday","Afternoon","Jellof rice;Jellof spaghetti with boiled egg"
"2020/10/04 2:48:17 PM GMT+1","Breakfast, Lunch.","Male","Monday;Tuesday;Wednesday;Thursday;Friday;Saturday","Afternoon","Fried yam with egg sauce, stew"
"2020/10/04 3:09:38 PM GMT+1","Lunch, Dinner","Female","Sunday;Monday;Friday;Saturday","Afternoon","Plain rice with stew, gbadun;Porridge beans, plain beans and stew with plantain;Akara with pap, oat, custard"
"2020/10/04 3:21:35 PM GMT+1","Lunch, Dinner","Female","Sunday;Monday;Thursday;Saturday","Evening","Fried rice;Plain rice with stew, gbadun;Porridge beans, plain beans and stew with plantain;Jellof spaghetti with boiled egg"
"2020/10/04 7:28:56 PM GMT+1","Breakfast, Lunch, Dinner.","Female","Sunday;Thursday","Evening","Jellof rice;Plain rice with stew, gbadun;Porridge beans, plain beans and stew with plantain"
"2020/10/04 8:04:04 PM GMT+1","Lunch, Dinner","Male","Saturday","Afternoon","Jellof rice;Plain rice with stew, gbadun;Semovita, poundo, eba with okra, egusi;Jellof spaghetti with boiled egg"
"2020/10/04 9:10:30 PM GMT+1","Lunch, Dinner","Male","Tuesday;Thursday","Evening","Fried yam with egg sauce, stew;Plain rice with stew, gbadun;Semovita, poundo, eba with okra, egusi;Moi moi with pap, oat, custard"
"2020/10/04 9:52:07 PM GMT+1","Lunch, Dinner","Male","Friday","Afternoon","Porridge beans, plain beans and stew with plantain"
"2020/10/05 3:06:36 AM GMT+1","Breakfast, Dinner.","Female","Sunday;Tuesday;Thursday;Saturday","Evening","Fried potatoes with egg sauce, stew;Fried rice;Jellof rice;Plain rice with stew, gbadun;Jellof spaghetti with boiled egg;Akara with pap, oat, custard"
"2020/10/05 7:13:38 AM GMT+1","Breakfast, Lunch, Dinner.","Female","Monday;Tuesday;Wednesday;Thursday;Friday;Saturday","Evening","Plain rice with stew, gbadun"
"2020/10/06 1:09:18 AM GMT+1","Breakfast, Dinner.","Female","Sunday;Tuesday;Thursday;Saturday","Evening","Fried potatoes with egg sauce, stew;Fried rice;Jellof rice;Plain rice with stew, gbadun;Jellof spaghetti with boiled egg;Akara with pap, oat, custard"